"Node","Sector","TRorNon_TR","SRorNon_SR"
"QseB","core","TR","SR"
"FliZ","core","TR","Non-SR"
"SlyA","core","TR","Non-SR"
"RpoH","core","TR","Non-SR"
"AdiY","core","TR","Non-SR"
"SdiA","core","TR","SR"
"GadX","core","TR","Non-SR"
"CytR","core","TR","SR"
"LrhA","core","TR","Non-SR"
"FlhDC","core","TR","Non-SR"
"Fur","core","TR","SR"
"LexA","core","TR","SR"
"Lrp","core","TR","SR"
"AcrR","core","TR","SR"
"OmpR","core","TR","SR"
"HdfR","core","TR","Non-SR"
"OxyR","core","TR","SR"
"GadE","core","TR","Non-SR"
"YjjQ","core","TR","Non-SR"
"PhoB","core","TR","SR"
"DnaA","core","TR","SR"
"CpxR","core","TR","SR"
"RpoS","core","TR","Non-SR"
"Fis","core","TR","SR"
"RcsAB","core","TR","Non-SR"
"Nac","core","TR","Non-SR"
"EvgA","core","TR","SR"
"StpA","core","TR","Non-SR"
"CsgD","core","TR","Non-SR"
"RpoD","core","TR","Non-SR"
"GadE-RcsB","core","TR","Non-SR"
"SoxS","core","TR","Non-SR"
"ArgP","core","TR","SR"
"NtrC","core","TR","SR"
"CspA","core","TR","Non-SR"
"IHF","core","TR","SR"
"RpoN","core","TR","Non-SR"
"YdeO","core","TR","Non-SR"
"MlrA","core","TR","Non-SR"
"SutR","core","TR","Non-SR"
"PhoP","core","TR","SR"
"TorR","core","TR","SR"
"MqsA","core","TR","Non-SR"
"SoxR","core","TR","SR"
"ArgR","core","TR","SR"
"RstA","core","TR","SR"
"DksA","core","TR","SR"
"RcsB","core","TR","SR"
"RpoE","core","TR","Non-SR"
"ZraR","core","TR","SR"
"Cra","core","TR","SR"
"H-NS","core","TR","SR"
"RutR","core","TR","SR"
"GadW","core","TR","Non-SR"
"ArcA","core","TR","SR"
"LeuO","core","TR","SR"
"Fnr","core","TR","SR"
"EcpR","core","TR","Non-SR"
"RcsB-BglJ","core","TR","SR"
"Crp","core","TR","SR"
"BolA","core","TR","SR"
"FliA","core","TR","Non-SR"
"AlpA","inp","TR","Non-SR"
"GlaR","inp","TR","SR"
"BasR","inp","TR","SR"
"GlrR","inp","TR","SR"
"BtsR","inp","TR","SR"
"NsrR","inp","TR","Non-SR"
"RcdA","inp","TR","SR"
"yciU","intendrils","Non-TR","Non-SR"
"kdgT","intendrils","Non-TR","Non-SR"
"hxpA","intendrils","Non-TR","Non-SR"
"smg","intendrils","Non-TR","Non-SR"
"yccU","intendrils","Non-TR","Non-SR"
"yfcV","intendrils","Non-TR","Non-SR"
"yehD","intendrils","Non-TR","Non-SR"
"tehB","intendrils","Non-TR","Non-SR"
"ynaE","intendrils","Non-TR","Non-SR"
"ypjA","intendrils","Non-TR","Non-SR"
"ycbV","intendrils","Non-TR","Non-SR"
"ydfI","intendrils","Non-TR","Non-SR"
"chaB","intendrils","Non-TR","Non-SR"
"bdcR","intendrils","Non-TR","Non-SR"
"rsgA","intendrils","Non-TR","Non-SR"
"ycgY","intendrils","Non-TR","Non-SR"
"yihM","intendrils","Non-TR","Non-SR"
"ybaN","intendrils","Non-TR","Non-SR"
"ybjJ","intendrils","Non-TR","Non-SR"
"ycbU","intendrils","Non-TR","Non-SR"
"ypdC","intendrils","Non-TR","Non-SR"
"dgkA","intendrils","Non-TR","Non-SR"
"priC","intendrils","Non-TR","Non-SR"
"yfdC","intendrils","Non-TR","Non-SR"
"mrdA","intendrils","Non-TR","Non-SR"
"yidB","intendrils","Non-TR","Non-SR"
"hinT","intendrils","Non-TR","Non-SR"
"arnE","intendrils","Non-TR","Non-SR"
"yodB","intendrils","Non-TR","Non-SR"
"arnB","intendrils","Non-TR","Non-SR"
"orn","intendrils","Non-TR","Non-SR"
"elfC","intendrils","Non-TR","Non-SR"
"yjfY","intendrils","Non-TR","Non-SR"
"yjdP","intendrils","Non-TR","Non-SR"
"chaA","intendrils","Non-TR","Non-SR"
"ydhS","intendrils","Non-TR","Non-SR"
"yehS","intendrils","Non-TR","Non-SR"
"arnC","intendrils","Non-TR","Non-SR"
"yfjD","intendrils","Non-TR","Non-SR"
"intA","intendrils","Non-TR","Non-SR"
"yigG","intendrils","Non-TR","Non-SR"
"ybjI","intendrils","Non-TR","Non-SR"
"yfbN","intendrils","Non-TR","Non-SR"
"arnT","intendrils","Non-TR","Non-SR"
"pdeG","intendrils","Non-TR","Non-SR"
"arnD","intendrils","Non-TR","Non-SR"
"arnF","intendrils","Non-TR","Non-SR"
"arnA","intendrils","Non-TR","Non-SR"
"tehA","intendrils","Non-TR","Non-SR"
"yadN","intendrils","Non-TR","Non-SR"
"pliG","intendrils","Non-TR","Non-SR"
"ycjP","intendrils","Non-TR","Non-SR"
"yfbO","intendrils","Non-TR","Non-SR"
"yfbU","intendrils","Non-TR","Non-SR"
"rhsD","intendrils","Non-TR","Non-SR"
"yobD","intendrils","Non-TR","Non-SR"
"yagE","others","Non-TR","Non-SR"
"yagA","others","Non-TR","Non-SR"
"nimT","others","Non-TR","Non-SR"
"ycjR","others","Non-TR","Non-SR"
"ygbJ","others","Non-TR","Non-SR"
"nadA","others","Non-TR","Non-SR"
"pnuC","others","Non-TR","Non-SR"
"ydaW","others","Non-TR","Non-SR"
"ycjU","others","Non-TR","Non-SR"
"yhaL","others","Non-TR","Non-SR"
"yagB","others","Non-TR","Non-SR"
"ycjN","others","Non-TR","Non-SR"
"punC","others","Non-TR","Non-SR"
"cueO","others","Non-TR","Non-SR"
"YcjW","others","TR","Non-SR"
"YdhB","others","TR","Non-SR"
"ycjT","others","Non-TR","Non-SR"
"ycjS","others","Non-TR","Non-SR"
"mppA","others","Non-TR","Non-SR"
"yqjF","others","Non-TR","Non-SR"
"ycjO","others","Non-TR","Non-SR"
"ycjG","others","Non-TR","Non-SR"
"XynR","others","TR","SR"
"frmB","others","Non-TR","Non-SR"
"NimR","others","TR","Non-SR"
"YebK","others","TR","SR"
"ycjM","others","Non-TR","Non-SR"
"ompG","others","Non-TR","Non-SR"
"ydaV","others","Non-TR","Non-SR"
"yagF","others","Non-TR","Non-SR"
"FrmR","others","TR","SR"
"yhaK","others","Non-TR","Non-SR"
"ydaS","others","Non-TR","Non-SR"
"frmA","others","Non-TR","Non-SR"
"ygiD","others","Non-TR","Non-SR"
"ppiC","others","Non-TR","Non-SR"
"ycjQ","others","Non-TR","Non-SR"
"rimK","out","Non-TR","Non-SR"
"rpsF","out","Non-TR","Non-SR"
"sufS","out","Non-TR","Non-SR"
"yjcB","out","Non-TR","Non-SR"
"chiP","out","Non-TR","Non-SR"
"rstB","out","Non-TR","Non-SR"
"yigA","out","Non-TR","Non-SR"
"ygfB","out","Non-TR","Non-SR"
"frlD","out","Non-TR","Non-SR"
"oxc","out","Non-TR","Non-SR"
"udk","out","Non-TR","Non-SR"
"cpdB","out","Non-TR","Non-SR"
"hdeB","out","Non-TR","Non-SR"
"osmB","out","Non-TR","Non-SR"
"hycB","out","Non-TR","Non-SR"
"purM","out","Non-TR","Non-SR"
"caiE","out","Non-TR","Non-SR"
"rcsD","out","Non-TR","Non-SR"
"slyB","out","Non-TR","Non-SR"
"ybhQ","out","Non-TR","Non-SR"
"yjbR","out","Non-TR","Non-SR"
"glyS","out","Non-TR","Non-SR"
"purL","out","Non-TR","Non-SR"
"fhuE","out","Non-TR","Non-SR"
"lysT","out","Non-TR","Non-SR"
"allD","out","Non-TR","Non-SR"
"fliE","out","Non-TR","Non-SR"
"rzpD","out","Non-TR","Non-SR"
"rutA","out","Non-TR","Non-SR"
"yibL","out","Non-TR","Non-SR"
"ryjA","out","Non-TR","Non-SR"
"gltB","out","Non-TR","Non-SR"
"fimE","out","Non-TR","Non-SR"
"AllR","out","TR","SR"
"ygiL","out","Non-TR","Non-SR"
"napA","out","Non-TR","Non-SR"
"appC","out","Non-TR","Non-SR"
"gabT","out","Non-TR","Non-SR"
"secY","out","Non-TR","Non-SR"
"pykA","out","Non-TR","Non-SR"
"yjbF","out","Non-TR","Non-SR"
"ygiC","out","Non-TR","Non-SR"
"oppB","out","Non-TR","Non-SR"
"mqsR","out","Non-TR","Non-SR"
"citX","out","Non-TR","Non-SR"
"nepI","out","Non-TR","Non-SR"
"motR","out","Non-TR","Non-SR"
"hypC","out","Non-TR","Non-SR"
"seqA","out","Non-TR","Non-SR"
"pstA","out","Non-TR","Non-SR"
"yhdT","out","Non-TR","Non-SR"
"yoaC","out","Non-TR","Non-SR"
"rpmA","out","Non-TR","Non-SR"
"yedL","out","Non-TR","Non-SR"
"rihB","out","Non-TR","Non-SR"
"dppB","out","Non-TR","Non-SR"
"yiaD","out","Non-TR","Non-SR"
"MprA","out","TR","SR"
"nagB","out","Non-TR","Non-SR"
"ybjC","out","Non-TR","Non-SR"
"gntU","out","Non-TR","Non-SR"
"yrdA","out","Non-TR","Non-SR"
"recJ","out","Non-TR","Non-SR"
"intZ","out","Non-TR","Non-SR"
"xylA","out","Non-TR","Non-SR"
"yhcD","out","Non-TR","Non-SR"
"ydeQ","out","Non-TR","Non-SR"
"icd","out","Non-TR","Non-SR"
"ydcV","out","Non-TR","Non-SR"
"RtcR","out","TR","Non-SR"
"atpA","out","Non-TR","Non-SR"
"leuB","out","Non-TR","Non-SR"
"dnaG","out","Non-TR","Non-SR"
"gspI","out","Non-TR","Non-SR"
"trpS","out","Non-TR","Non-SR"
"gmhA","out","Non-TR","Non-SR"
"dcyD","out","Non-TR","Non-SR"
"rnr","out","Non-TR","Non-SR"
"metY","out","Non-TR","Non-SR"
"holE","out","Non-TR","Non-SR"
"rpmB","out","Non-TR","Non-SR"
"valU","out","Non-TR","Non-SR"
"phoQ","out","Non-TR","Non-SR"
"rpe","out","Non-TR","Non-SR"
"glpQ","out","Non-TR","Non-SR"
"eda","out","Non-TR","Non-SR"
"xylF","out","Non-TR","Non-SR"
"rplU","out","Non-TR","Non-SR"
"yhiM","out","Non-TR","Non-SR"
"entD","out","Non-TR","Non-SR"
"yecF","out","Non-TR","Non-SR"
"rpsO","out","Non-TR","Non-SR"
"csiE","out","Non-TR","Non-SR"
"recD","out","Non-TR","Non-SR"
"rnd","out","Non-TR","Non-SR"
"yhcA","out","Non-TR","Non-SR"
"hha","out","Non-TR","Non-SR"
"rrsC","out","Non-TR","Non-SR"
"argH","out","Non-TR","Non-SR"
"asnV","out","Non-TR","Non-SR"
"mhpA","out","Non-TR","Non-SR"
"yfeK","out","Non-TR","Non-SR"
"yaiS","out","Non-TR","Non-SR"
"yhbY","out","Non-TR","Non-SR"
"HcaR","out","TR","SR"
"emrB","out","Non-TR","Non-SR"
"pdeR","out","Non-TR","Non-SR"
"lpxL","out","Non-TR","Non-SR"
"rtcB","out","Non-TR","Non-SR"
"ulaG","out","Non-TR","Non-SR"
"zntA","out","Non-TR","Non-SR"
"alkA","out","Non-TR","Non-SR"
"cysD","out","Non-TR","Non-SR"
"mhpB","out","Non-TR","Non-SR"
"gatD","out","Non-TR","Non-SR"
"emrK","out","Non-TR","Non-SR"
"macA","out","Non-TR","Non-SR"
"recO","out","Non-TR","Non-SR"
"ymgC","out","Non-TR","Non-SR"
"yjcH","out","Non-TR","Non-SR"
"ccmG","out","Non-TR","Non-SR"
"xylE","out","Non-TR","Non-SR"
"hisB","out","Non-TR","Non-SR"
"ybjQ","out","Non-TR","Non-SR"
"pqiB","out","Non-TR","Non-SR"
"yibT","out","Non-TR","Non-SR"
"nuoI","out","Non-TR","Non-SR"
"CRP-Sxy","out","TR","Non-SR"
"dapD","out","Non-TR","Non-SR"
"spy","out","Non-TR","Non-SR"
"yeaY","out","Non-TR","Non-SR"
"rhtB","out","Non-TR","Non-SR"
"rplF","out","Non-TR","Non-SR"
"astD","out","Non-TR","Non-SR"
"symE","out","Non-TR","Non-SR"
"yiaL","out","Non-TR","Non-SR"
"bfd","out","Non-TR","Non-SR"
"lsrK","out","Non-TR","Non-SR"
"ackA","out","Non-TR","Non-SR"
"ybeU","out","Non-TR","Non-SR"
"mglA","out","Non-TR","Non-SR"
"wzc","out","Non-TR","Non-SR"
"CsqR","out","TR","SR"
"ssuC","out","Non-TR","Non-SR"
"greA","out","Non-TR","Non-SR"
"flgE","out","Non-TR","Non-SR"
"alaW","out","Non-TR","Non-SR"
"yccE","out","Non-TR","Non-SR"
"phnM","out","Non-TR","Non-SR"
"glpD","out","Non-TR","Non-SR"
"mltD","out","Non-TR","Non-SR"
"katE","out","Non-TR","Non-SR"
"fepC","out","Non-TR","Non-SR"
"cbrA","out","Non-TR","Non-SR"
"rpsE","out","Non-TR","Non-SR"
"purD","out","Non-TR","Non-SR"
"nfuA","out","Non-TR","Non-SR"
"atoA","out","Non-TR","Non-SR"
"yrbG","out","Non-TR","Non-SR"
"ileV","out","Non-TR","Non-SR"
"yghF","out","Non-TR","Non-SR"
"sokB","out","Non-TR","Non-SR"
"rsmG","out","Non-TR","Non-SR"
"valY","out","Non-TR","Non-SR"
"yebF","out","Non-TR","Non-SR"
"metC","out","Non-TR","Non-SR"
"sstT","out","Non-TR","Non-SR"
"yfcO","out","Non-TR","Non-SR"
"deoA","out","Non-TR","Non-SR"
"ves","out","Non-TR","Non-SR"
"yhdV","out","Non-TR","Non-SR"
"sfsA","out","Non-TR","Non-SR"
"pqiC","out","Non-TR","Non-SR"
"mtn","out","Non-TR","Non-SR"
"ftsK","out","Non-TR","Non-SR"
"dkgA","out","Non-TR","Non-SR"
"dacC","out","Non-TR","Non-SR"
"glpK","out","Non-TR","Non-SR"
"flxA","out","Non-TR","Non-SR"
"metE","out","Non-TR","Non-SR"
"alaU","out","Non-TR","Non-SR"
"rpoC","out","Non-TR","Non-SR"
"MngR","out","TR","SR"
"yaaU","out","Non-TR","Non-SR"
"recG","out","Non-TR","Non-SR"
"cysW","out","Non-TR","Non-SR"
"glpA","out","Non-TR","Non-SR"
"yjeV","out","Non-TR","Non-SR"
"rpsJ","out","Non-TR","Non-SR"
"rep","out","Non-TR","Non-SR"
"ynfA","out","Non-TR","Non-SR"
"tsgA","out","Non-TR","Non-SR"
"ydhK","out","Non-TR","Non-SR"
"yciB","out","Non-TR","Non-SR"
"motB","out","Non-TR","Non-SR"
"atoE","out","Non-TR","Non-SR"
"pinR","out","Non-TR","Non-SR"
"cas3","out","Non-TR","Non-SR"
"hslV","out","Non-TR","Non-SR"
"uvrC","out","Non-TR","Non-SR"
"yffB","out","Non-TR","Non-SR"
"ychF","out","Non-TR","Non-SR"
"phnH","out","Non-TR","Non-SR"
"sgcC","out","Non-TR","Non-SR"
"yabQ","out","Non-TR","Non-SR"
"trpE","out","Non-TR","Non-SR"
"eptB","out","Non-TR","Non-SR"
"yqeK","out","Non-TR","Non-SR"
"nfeF","out","Non-TR","Non-SR"
"chbG","out","Non-TR","Non-SR"
"yibN","out","Non-TR","Non-SR"
"ynfF","out","Non-TR","Non-SR"
"dapF","out","Non-TR","Non-SR"
"yceJ","out","Non-TR","Non-SR"
"iscA","out","Non-TR","Non-SR"
"moaE","out","Non-TR","Non-SR"
"dmsB","out","Non-TR","Non-SR"
"yeiH","out","Non-TR","Non-SR"
"ariR","out","Non-TR","Non-SR"
"pqiA","out","Non-TR","Non-SR"
"pspA","out","Non-TR","Non-SR"
"nrfC","out","Non-TR","Non-SR"
"rpsK","out","Non-TR","Non-SR"
"dgcZ","out","Non-TR","Non-SR"
"FadR","out","TR","SR"
"rrlE","out","Non-TR","Non-SR"
"rclC","out","Non-TR","Non-SR"
"dcuA","out","Non-TR","Non-SR"
"ytfQ","out","Non-TR","Non-SR"
"ileS","out","Non-TR","Non-SR"
"yhfL","out","Non-TR","Non-SR"
"tsuA","out","Non-TR","Non-SR"
"mntH","out","Non-TR","Non-SR"
"AlsR","out","TR","SR"
"mgrB","out","Non-TR","Non-SR"
"ybjS","out","Non-TR","Non-SR"
"rrlB","out","Non-TR","Non-SR"
"yhdZ","out","Non-TR","Non-SR"
"rbsC","out","Non-TR","Non-SR"
"rbsD","out","Non-TR","Non-SR"
"ldtB","out","Non-TR","Non-SR"
"dolP","out","Non-TR","Non-SR"
"fumD","out","Non-TR","Non-SR"
"metW","out","Non-TR","Non-SR"
"phnI","out","Non-TR","Non-SR"
"uxuB","out","Non-TR","Non-SR"
"blc","out","Non-TR","Non-SR"
"rsd","out","Non-TR","Non-SR"
"flhA","out","Non-TR","Non-SR"
"ugpE","out","Non-TR","Non-SR"
"treB","out","Non-TR","Non-SR"
"hflC","out","Non-TR","Non-SR"
"yehY","out","Non-TR","Non-SR"
"hypA","out","Non-TR","Non-SR"
"yieH","out","Non-TR","Non-SR"
"pagP","out","Non-TR","Non-SR"
"dinF","out","Non-TR","Non-SR"
"nuoH","out","Non-TR","Non-SR"
"lsrG","out","Non-TR","Non-SR"
"mzrA","out","Non-TR","Non-SR"
"yqiH","out","Non-TR","Non-SR"
"napB","out","Non-TR","Non-SR"
"phnN","out","Non-TR","Non-SR"
"ydhY","out","Non-TR","Non-SR"
"ybeT","out","Non-TR","Non-SR"
"modC","out","Non-TR","Non-SR"
"asnA","out","Non-TR","Non-SR"
"napC","out","Non-TR","Non-SR"
"ycgJ","out","Non-TR","Non-SR"
"ygjH","out","Non-TR","Non-SR"
"rseC","out","Non-TR","Non-SR"
"fliL","out","Non-TR","Non-SR"
"opgG","out","Non-TR","Non-SR"
"dinD","out","Non-TR","Non-SR"
"yafD","out","Non-TR","Non-SR"
"grxA","out","Non-TR","Non-SR"
"fecB","out","Non-TR","Non-SR"
"narK","out","Non-TR","Non-SR"
"umuD","out","Non-TR","Non-SR"
"iraM","out","Non-TR","Non-SR"
"IscR","out","TR","SR"
"LacI","out","TR","SR"
"pyrL","out","Non-TR","Non-SR"
"dgoD","out","Non-TR","Non-SR"
"upp","out","Non-TR","Non-SR"
"kbl","out","Non-TR","Non-SR"
"proP","out","Non-TR","Non-SR"
"lon","out","Non-TR","Non-SR"
"ugpA","out","Non-TR","Non-SR"
"osmE","out","Non-TR","Non-SR"
"dhaL","out","Non-TR","Non-SR"
"ybiI","out","Non-TR","Non-SR"
"ahpF","out","Non-TR","Non-SR"
"cca","out","Non-TR","Non-SR"
"ttdT","out","Non-TR","Non-SR"
"insK","out","Non-TR","Non-SR"
"osmC","out","Non-TR","Non-SR"
"cyoD","out","Non-TR","Non-SR"
"nudG","out","Non-TR","Non-SR"
"PurR","out","TR","SR"
"mltF","out","Non-TR","Non-SR"
"corA","out","Non-TR","Non-SR"
"mntP","out","Non-TR","Non-SR"
"glcG","out","Non-TR","Non-SR"
"sdhA","out","Non-TR","Non-SR"
"insI1","out","Non-TR","Non-SR"
"cspB","out","Non-TR","Non-SR"
"gapA","out","Non-TR","Non-SR"
"dinB","out","Non-TR","Non-SR"
"ymjE","out","Non-TR","Non-SR"
"yegR","out","Non-TR","Non-SR"
"stfR","out","Non-TR","Non-SR"
"yraH","out","Non-TR","Non-SR"
"leuT","out","Non-TR","Non-SR"
"yddG","out","Non-TR","Non-SR"
"fecC","out","Non-TR","Non-SR"
"glnB","out","Non-TR","Non-SR"
"ydcT","out","Non-TR","Non-SR"
"DcuR","out","TR","SR"
"mqo","out","Non-TR","Non-SR"
"aceB","out","Non-TR","Non-SR"
"lacZ","out","Non-TR","Non-SR"
"fruK","out","Non-TR","Non-SR"
"phnD","out","Non-TR","Non-SR"
"xerC","out","Non-TR","Non-SR"
"ompN","out","Non-TR","Non-SR"
"ybhI","out","Non-TR","Non-SR"
"dcuB","out","Non-TR","Non-SR"
"sad","out","Non-TR","Non-SR"
"nei","out","Non-TR","Non-SR"
"rplQ","out","Non-TR","Non-SR"
"ybhG","out","Non-TR","Non-SR"
"cynS","out","Non-TR","Non-SR"
"xdhB","out","Non-TR","Non-SR"
"nrdE","out","Non-TR","Non-SR"
"livH","out","Non-TR","Non-SR"
"panF","out","Non-TR","Non-SR"
"casA","out","Non-TR","Non-SR"
"mtlA","out","Non-TR","Non-SR"
"yahE","out","Non-TR","Non-SR"
"frdD","out","Non-TR","Non-SR"
"chiA","out","Non-TR","Non-SR"
"nuoC","out","Non-TR","Non-SR"
"bdm","out","Non-TR","Non-SR"
"yaiW","out","Non-TR","Non-SR"
"selO","out","Non-TR","Non-SR"
"uspE","out","Non-TR","Non-SR"
"RelB","out","TR","Non-SR"
"cheW","out","Non-TR","Non-SR"
"glmS","out","Non-TR","Non-SR"
"BetI","out","TR","SR"
"lipA","out","Non-TR","Non-SR"
"yhbE","out","Non-TR","Non-SR"
"garL","out","Non-TR","Non-SR"
"atpE","out","Non-TR","Non-SR"
"ydeJ","out","Non-TR","Non-SR"
"nrfB","out","Non-TR","Non-SR"
"patZ","out","Non-TR","Non-SR"
"ygiN","out","Non-TR","Non-SR"
"ryjB","out","Non-TR","Non-SR"
"bcsG","out","Non-TR","Non-SR"
"glnQ","out","Non-TR","Non-SR"
"treA","out","Non-TR","Non-SR"
"lspA","out","Non-TR","Non-SR"
"rtcA","out","Non-TR","Non-SR"
"moaB","out","Non-TR","Non-SR"
"hybA","out","Non-TR","Non-SR"
"glcB","out","Non-TR","Non-SR"
"fdoG","out","Non-TR","Non-SR"
"garD","out","Non-TR","Non-SR"
"fliS","out","Non-TR","Non-SR"
"nikB","out","Non-TR","Non-SR"
"flgO","out","Non-TR","Non-SR"
"appX","out","Non-TR","Non-SR"
"ycaD","out","Non-TR","Non-SR"
"yceI","out","Non-TR","Non-SR"
"istR","out","Non-TR","Non-SR"
"yfiR","out","Non-TR","Non-SR"
"ptsH","out","Non-TR","Non-SR"
"relA","out","Non-TR","Non-SR"
"ydhJ","out","Non-TR","Non-SR"
"sgcR","out","Non-TR","Non-SR"
"uhpT","out","Non-TR","Non-SR"
"DinJ-YafQ","out","TR","SR"
"rpsG","out","Non-TR","Non-SR"
"flgN","out","Non-TR","Non-SR"
"spf","out","Non-TR","Non-SR"
"PepA","out","TR","SR"
"yafX","out","Non-TR","Non-SR"
"argX","out","Non-TR","Non-SR"
"proK","out","Non-TR","Non-SR"
"flgM","out","Non-TR","Non-SR"
"xdhC","out","Non-TR","Non-SR"
"envZ","out","Non-TR","Non-SR"
"ycaC","out","Non-TR","Non-SR"
"yacH","out","Non-TR","Non-SR"
"idlP","out","Non-TR","Non-SR"
"artM","out","Non-TR","Non-SR"
"srlA","out","Non-TR","Non-SR"
"poxB","out","Non-TR","Non-SR"
"ygfK","out","Non-TR","Non-SR"
"nuoN","out","Non-TR","Non-SR"
"rplL","out","Non-TR","Non-SR"
"ybdG","out","Non-TR","Non-SR"
"yafP","out","Non-TR","Non-SR"
"dapE","out","Non-TR","Non-SR"
"ychH","out","Non-TR","Non-SR"
"pgaC","out","Non-TR","Non-SR"
"speFL","out","Non-TR","Non-SR"
"HU","out","TR","SR"
"sroA","out","Non-TR","Non-SR"
"xylG","out","Non-TR","Non-SR"
"eutS","out","Non-TR","Non-SR"
"azuC","out","Non-TR","Non-SR"
"yqeG","out","Non-TR","Non-SR"
"ykgE","out","Non-TR","Non-SR"
"alaV","out","Non-TR","Non-SR"
"gatA","out","Non-TR","Non-SR"
"mutS","out","Non-TR","Non-SR"
"araJ","out","Non-TR","Non-SR"
"argF","out","Non-TR","Non-SR"
"phnO","out","Non-TR","Non-SR"
"yhjX","out","Non-TR","Non-SR"
"valW","out","Non-TR","Non-SR"
"yfdV","out","Non-TR","Non-SR"
"mcaS","out","Non-TR","Non-SR"
"yegL","out","Non-TR","Non-SR"
"fliK","out","Non-TR","Non-SR"
"SgrR","out","TR","Non-SR"
"pcm","out","Non-TR","Non-SR"
"adhE","out","Non-TR","Non-SR"
"avtA","out","Non-TR","Non-SR"
"fadJ","out","Non-TR","Non-SR"
"htrE","out","Non-TR","Non-SR"
"AlaS","out","TR","SR"
"yrbN","out","Non-TR","Non-SR"
"actP","out","Non-TR","Non-SR"
"fmt","out","Non-TR","Non-SR"
"malK","out","Non-TR","Non-SR"
"waaZ","out","Non-TR","Non-SR"
"fdnG","out","Non-TR","Non-SR"
"HprR","out","TR","SR"
"potE","out","Non-TR","Non-SR"
"metL","out","Non-TR","Non-SR"
"SrlR","out","TR","SR"
"borD","out","Non-TR","Non-SR"
"oppF","out","Non-TR","Non-SR"
"glnD","out","Non-TR","Non-SR"
"proX","out","Non-TR","Non-SR"
"fimB","out","Non-TR","Non-SR"
"cysN","out","Non-TR","Non-SR"
"ansP","out","Non-TR","Non-SR"
"prfA","out","Non-TR","Non-SR"
"bdcA","out","Non-TR","Non-SR"
"paaG","out","Non-TR","Non-SR"
"cho","out","Non-TR","Non-SR"
"patA","out","Non-TR","Non-SR"
"rpmI","out","Non-TR","Non-SR"
"ryhB","out","Non-TR","Non-SR"
"waaP","out","Non-TR","Non-SR"
"nanX","out","Non-TR","Non-SR"
"btuE","out","Non-TR","Non-SR"
"nuoM","out","Non-TR","Non-SR"
"rplD","out","Non-TR","Non-SR"
"yjiT","out","Non-TR","Non-SR"
"rplC","out","Non-TR","Non-SR"
"nrfE","out","Non-TR","Non-SR"
"ygbK","out","Non-TR","Non-SR"
"caiT","out","Non-TR","Non-SR"
"kdpC","out","Non-TR","Non-SR"
"bglH","out","Non-TR","Non-SR"
"bioB","out","Non-TR","Non-SR"
"rbsA","out","Non-TR","Non-SR"
"sibD","out","Non-TR","Non-SR"
"ydiL","out","Non-TR","Non-SR"
"sdhD","out","Non-TR","Non-SR"
"sdaA","out","Non-TR","Non-SR"
"micF","out","Non-TR","Non-SR"
"murG","out","Non-TR","Non-SR"
"leuA","out","Non-TR","Non-SR"
"yfiB","out","Non-TR","Non-SR"
"allC","out","Non-TR","Non-SR"
"dppA","out","Non-TR","Non-SR"
"yfbR","out","Non-TR","Non-SR"
"rcnA","out","Non-TR","Non-SR"
"ydfO","out","Non-TR","Non-SR"
"lapB","out","Non-TR","Non-SR"
"cas1","out","Non-TR","Non-SR"
"metF","out","Non-TR","Non-SR"
"dnaE","out","Non-TR","Non-SR"
"dsrA","out","Non-TR","Non-SR"
"torI","out","Non-TR","Non-SR"
"argI","out","Non-TR","Non-SR"
"wcaF","out","Non-TR","Non-SR"
"phnL","out","Non-TR","Non-SR"
"aslB","out","Non-TR","Non-SR"
"lldP","out","Non-TR","Non-SR"
"kdsD","out","Non-TR","Non-SR"
"waaS","out","Non-TR","Non-SR"
"rraB","out","Non-TR","Non-SR"
"YefM-YoeB","out","TR","Non-SR"
"ydfW","out","Non-TR","Non-SR"
"edd","out","Non-TR","Non-SR"
"rhaB","out","Non-TR","Non-SR"
"gltW","out","Non-TR","Non-SR"
"fimI","out","Non-TR","Non-SR"
"yecR","out","Non-TR","Non-SR"
"yfcC","out","Non-TR","Non-SR"
"aspS","out","Non-TR","Non-SR"
"rplK","out","Non-TR","Non-SR"
"ynjI","out","Non-TR","Non-SR"
"dpiB","out","Non-TR","Non-SR"
"wrbA","out","Non-TR","Non-SR"
"mhpC","out","Non-TR","Non-SR"
"dsdA","out","Non-TR","Non-SR"
"ytfJ","out","Non-TR","Non-SR"
"symR","out","Non-TR","Non-SR"
"grxC","out","Non-TR","Non-SR"
"ulaD","out","Non-TR","Non-SR"
"flgI","out","Non-TR","Non-SR"
"yjjY","out","Non-TR","Non-SR"
"leuQ","out","Non-TR","Non-SR"
"ykfG","out","Non-TR","Non-SR"
"DecR","out","TR","Non-SR"
"nikE","out","Non-TR","Non-SR"
"yeaG","out","Non-TR","Non-SR"
"nfo","out","Non-TR","Non-SR"
"cbrC","out","Non-TR","Non-SR"
"ftnB","out","Non-TR","Non-SR"
"csgF","out","Non-TR","Non-SR"
"YieP","out","TR","Non-SR"
"ydcU","out","Non-TR","Non-SR"
"fucP","out","Non-TR","Non-SR"
"proW","out","Non-TR","Non-SR"
"tdcE","out","Non-TR","Non-SR"
"rpoZ","out","Non-TR","Non-SR"
"yifB","out","Non-TR","Non-SR"
"metI","out","Non-TR","Non-SR"
"rrfC","out","Non-TR","Non-SR"
"yjaZ","out","Non-TR","Non-SR"
"nupG","out","Non-TR","Non-SR"
"tatC","out","Non-TR","Non-SR"
"luxS","out","Non-TR","Non-SR"
"argE","out","Non-TR","Non-SR"
"glyX","out","Non-TR","Non-SR"
"mlaD","out","Non-TR","Non-SR"
"glvC","out","Non-TR","Non-SR"
"der","out","Non-TR","Non-SR"
"lyxK","out","Non-TR","Non-SR"
"ibpB","out","Non-TR","Non-SR"
"yhcC","out","Non-TR","Non-SR"
"livM","out","Non-TR","Non-SR"
"ortT","out","Non-TR","Non-SR"
"dkgB","out","Non-TR","Non-SR"
"yfeS","out","Non-TR","Non-SR"
"ykgM","out","Non-TR","Non-SR"
"nfsA","out","Non-TR","Non-SR"
"ybdK","out","Non-TR","Non-SR"
"uxaC","out","Non-TR","Non-SR"
"tcyJ","out","Non-TR","Non-SR"
"tauA","out","Non-TR","Non-SR"
"bioF","out","Non-TR","Non-SR"
"ldcC","out","Non-TR","Non-SR"
"fucO","out","Non-TR","Non-SR"
"ddpB","out","Non-TR","Non-SR"
"aaeA","out","Non-TR","Non-SR"
"yohJ","out","Non-TR","Non-SR"
"ycgV","out","Non-TR","Non-SR"
"tpx","out","Non-TR","Non-SR"
"aroG","out","Non-TR","Non-SR"
"paaZ","out","Non-TR","Non-SR"
"yncE","out","Non-TR","Non-SR"
"ybhM","out","Non-TR","Non-SR"
"moaD","out","Non-TR","Non-SR"
"flgB","out","Non-TR","Non-SR"
"aroE","out","Non-TR","Non-SR"
"NarP","out","TR","SR"
"fepE","out","Non-TR","Non-SR"
"prmB","out","Non-TR","Non-SR"
"rplI","out","Non-TR","Non-SR"
"HipB","out","TR","Non-SR"
"leuU","out","Non-TR","Non-SR"
"ccmF","out","Non-TR","Non-SR"
"dsbG","out","Non-TR","Non-SR"
"era","out","Non-TR","Non-SR"
"yccT","out","Non-TR","Non-SR"
"trpD","out","Non-TR","Non-SR"
"YefM","out","TR","Non-SR"
"glxK","out","Non-TR","Non-SR"
"prfC","out","Non-TR","Non-SR"
"speG","out","Non-TR","Non-SR"
"yebB","out","Non-TR","Non-SR"
"gadC","out","Non-TR","Non-SR"
"phoA","out","Non-TR","Non-SR"
"fadA","out","Non-TR","Non-SR"
"ulaF","out","Non-TR","Non-SR"
"polA","out","Non-TR","Non-SR"
"rrfB","out","Non-TR","Non-SR"
"yghG","out","Non-TR","Non-SR"
"garR","out","Non-TR","Non-SR"
"malH","out","Non-TR","Non-SR"
"aspV","out","Non-TR","Non-SR"
"ymjC","out","Non-TR","Non-SR"
"recA","out","Non-TR","Non-SR"
"bepA","out","Non-TR","Non-SR"
"mlaE","out","Non-TR","Non-SR"
"rdgB","out","Non-TR","Non-SR"
"hofC","out","Non-TR","Non-SR"
"eutQ","out","Non-TR","Non-SR"
"arfB","out","Non-TR","Non-SR"
"hyfE","out","Non-TR","Non-SR"
"osmF","out","Non-TR","Non-SR"
"dcp","out","Non-TR","Non-SR"
"zinT","out","Non-TR","Non-SR"
"ybcV","out","Non-TR","Non-SR"
"ydbK","out","Non-TR","Non-SR"
"mscM","out","Non-TR","Non-SR"
"hycE","out","Non-TR","Non-SR"
"yjeM","out","Non-TR","Non-SR"
"RspR","out","TR","Non-SR"
"yagK","out","Non-TR","Non-SR"
"pncB","out","Non-TR","Non-SR"
"rplP","out","Non-TR","Non-SR"
"purH","out","Non-TR","Non-SR"
"micA","out","Non-TR","Non-SR"
"cheZ","out","Non-TR","Non-SR"
"yoaH","out","Non-TR","Non-SR"
"znuC","out","Non-TR","Non-SR"
"allA","out","Non-TR","Non-SR"
"cyuA","out","Non-TR","Non-SR"
"pheP","out","Non-TR","Non-SR"
"yifL","out","Non-TR","Non-SR"
"ybjP","out","Non-TR","Non-SR"
"ybfE","out","Non-TR","Non-SR"
"yoaE","out","Non-TR","Non-SR"
"bcp","out","Non-TR","Non-SR"
"tynA","out","Non-TR","Non-SR"
"mnmA","out","Non-TR","Non-SR"
"citG","out","Non-TR","Non-SR"
"sufD","out","Non-TR","Non-SR"
"clpP","out","Non-TR","Non-SR"
"potG","out","Non-TR","Non-SR"
"glmZ","out","Non-TR","Non-SR"
"rpmH","out","Non-TR","Non-SR"
"yihO","out","Non-TR","Non-SR"
"NagC","out","TR","SR"
"apt","out","Non-TR","Non-SR"
"atpH","out","Non-TR","Non-SR"
"rpsT","out","Non-TR","Non-SR"
"yejG","out","Non-TR","Non-SR"
"mdtM","out","Non-TR","Non-SR"
"yqeJ","out","Non-TR","Non-SR"
"artI","out","Non-TR","Non-SR"
"ddpA","out","Non-TR","Non-SR"
"yjgM","out","Non-TR","Non-SR"
"hyaD","out","Non-TR","Non-SR"
"rrfD","out","Non-TR","Non-SR"
"csgC","out","Non-TR","Non-SR"
"azoR","out","Non-TR","Non-SR"
"leuD","out","Non-TR","Non-SR"
"hyaF","out","Non-TR","Non-SR"
"creA","out","Non-TR","Non-SR"
"rclA","out","Non-TR","Non-SR"
"arcB","out","Non-TR","Non-SR"
"yehR","out","Non-TR","Non-SR"
"nanT","out","Non-TR","Non-SR"
"raiZ","out","Non-TR","Non-SR"
"sdhX","out","Non-TR","Non-SR"
"csgB","out","Non-TR","Non-SR"
"ybbY","out","Non-TR","Non-SR"
"bacA","out","Non-TR","Non-SR"
"valT","out","Non-TR","Non-SR"
"ilvN","out","Non-TR","Non-SR"
"speD","out","Non-TR","Non-SR"
"prpB","out","Non-TR","Non-SR"
"nlpD","out","Non-TR","Non-SR"
"baeS","out","Non-TR","Non-SR"
"araE","out","Non-TR","Non-SR"
"ptsI","out","Non-TR","Non-SR"
"bglF","out","Non-TR","Non-SR"
"GlcC","out","TR","SR"
"gspM","out","Non-TR","Non-SR"
"CynR","out","TR","SR"
"inaA","out","Non-TR","Non-SR"
"shoB","out","Non-TR","Non-SR"
"ileX","out","Non-TR","Non-SR"
"hydN","out","Non-TR","Non-SR"
"mipA","out","Non-TR","Non-SR"
"AidB","out","TR","Non-SR"
"trmA","out","Non-TR","Non-SR"
"narI","out","Non-TR","Non-SR"
"potF","out","Non-TR","Non-SR"
"chbF","out","Non-TR","Non-SR"
"pfkA","out","Non-TR","Non-SR"
"purA","out","Non-TR","Non-SR"
"rplO","out","Non-TR","Non-SR"
"gatY","out","Non-TR","Non-SR"
"TdcR","out","TR","SR"
"rprA","out","Non-TR","Non-SR"
"nikA","out","Non-TR","Non-SR"
"pck","out","Non-TR","Non-SR"
"rutF","out","Non-TR","Non-SR"
"ulaB","out","Non-TR","Non-SR"
"cysT","out","Non-TR","Non-SR"
"leuP","out","Non-TR","Non-SR"
"btuB","out","Non-TR","Non-SR"
"waaJ","out","Non-TR","Non-SR"
"appA","out","Non-TR","Non-SR"
"yiaK","out","Non-TR","Non-SR"
"flgC","out","Non-TR","Non-SR"
"trpL","out","Non-TR","Non-SR"
"yqeH","out","Non-TR","Non-SR"
"nikD","out","Non-TR","Non-SR"
"hisM","out","Non-TR","Non-SR"
"ftsQ","out","Non-TR","Non-SR"
"ascB","out","Non-TR","Non-SR"
"betA","out","Non-TR","Non-SR"
"atpI","out","Non-TR","Non-SR"
"mukF","out","Non-TR","Non-SR"
"eutA","out","Non-TR","Non-SR"
"chaC","out","Non-TR","Non-SR"
"metG","out","Non-TR","Non-SR"
"eutM","out","Non-TR","Non-SR"
"casE","out","Non-TR","Non-SR"
"ykgH","out","Non-TR","Non-SR"
"caiC","out","Non-TR","Non-SR"
"GcvA","out","TR","SR"
"adiA","out","Non-TR","Non-SR"
"glgS","out","Non-TR","Non-SR"
"ampE","out","Non-TR","Non-SR"
"ilvM","out","Non-TR","Non-SR"
"ydeN","out","Non-TR","Non-SR"
"rpsA","out","Non-TR","Non-SR"
"potH","out","Non-TR","Non-SR"
"yobA","out","Non-TR","Non-SR"
"brnQ","out","Non-TR","Non-SR"
"ebgA","out","Non-TR","Non-SR"
"gspE","out","Non-TR","Non-SR"
"ybhD","out","Non-TR","Non-SR"
"tyrA","out","Non-TR","Non-SR"
"yjhI","out","Non-TR","Non-SR"
"dppD","out","Non-TR","Non-SR"
"lpxP","out","Non-TR","Non-SR"
"ulaA","out","Non-TR","Non-SR"
"rluE","out","Non-TR","Non-SR"
"ydhU","out","Non-TR","Non-SR"
"yihQ","out","Non-TR","Non-SR"
"trg","out","Non-TR","Non-SR"
"envC","out","Non-TR","Non-SR"
"argZ","out","Non-TR","Non-SR"
"pdxJ","out","Non-TR","Non-SR"
"flgD","out","Non-TR","Non-SR"
"nadE","out","Non-TR","Non-SR"
"hpf","out","Non-TR","Non-SR"
"agaS","out","Non-TR","Non-SR"
"ygiF","out","Non-TR","Non-SR"
"moaA","out","Non-TR","Non-SR"
"yjaH","out","Non-TR","Non-SR"
"pgaA","out","Non-TR","Non-SR"
"citF","out","Non-TR","Non-SR"
"dapA","out","Non-TR","Non-SR"
"fldB","out","Non-TR","Non-SR"
"ygaM","out","Non-TR","Non-SR"
"zwf","out","Non-TR","Non-SR"
"arsB","out","Non-TR","Non-SR"
"PrpR","out","TR","SR"
"ddlA","out","Non-TR","Non-SR"
"nagA","out","Non-TR","Non-SR"
"tyrU","out","Non-TR","Non-SR"
"pgaD","out","Non-TR","Non-SR"
"puuC","out","Non-TR","Non-SR"
"yihS","out","Non-TR","Non-SR"
"osmY","out","Non-TR","Non-SR"
"yhdN","out","Non-TR","Non-SR"
"UvrY","out","TR","SR"
"hfq","out","Non-TR","Non-SR"
"LysR","out","TR","SR"
"BluR","out","TR","Non-SR"
"nirD","out","Non-TR","Non-SR"
"cysP","out","Non-TR","Non-SR"
"flgJ","out","Non-TR","Non-SR"
"carA","out","Non-TR","Non-SR"
"yeiB","out","Non-TR","Non-SR"
"ychE","out","Non-TR","Non-SR"
"codA","out","Non-TR","Non-SR"
"narH","out","Non-TR","Non-SR"
"ytfT","out","Non-TR","Non-SR"
"yehE","out","Non-TR","Non-SR"
"malG","out","Non-TR","Non-SR"
"CaiF","out","TR","SR"
"gpsA","out","Non-TR","Non-SR"
"pheT","out","Non-TR","Non-SR"
"waaB","out","Non-TR","Non-SR"
"chiQ","out","Non-TR","Non-SR"
"fimG","out","Non-TR","Non-SR"
"rrlG","out","Non-TR","Non-SR"
"TreR","out","TR","SR"
"aroH","out","Non-TR","Non-SR"
"srlD","out","Non-TR","Non-SR"
"cadA","out","Non-TR","Non-SR"
"dld","out","Non-TR","Non-SR"
"rapA","out","Non-TR","Non-SR"
"MelR","out","TR","SR"
"rffM","out","Non-TR","Non-SR"
"pflB","out","Non-TR","Non-SR"
"kdpF","out","Non-TR","Non-SR"
"ydeA","out","Non-TR","Non-SR"
"lgt","out","Non-TR","Non-SR"
"purK","out","Non-TR","Non-SR"
"pyrF","out","Non-TR","Non-SR"
"rseP","out","Non-TR","Non-SR"
"rluA","out","Non-TR","Non-SR"
"pal","out","Non-TR","Non-SR"
"deaD","out","Non-TR","Non-SR"
"thrC","out","Non-TR","Non-SR"
"lpxC","out","Non-TR","Non-SR"
"fepD","out","Non-TR","Non-SR"
"MazE","out","TR","Non-SR"
"gspK","out","Non-TR","Non-SR"
"malP","out","Non-TR","Non-SR"
"mdh","out","Non-TR","Non-SR"
"ilvE","out","Non-TR","Non-SR"
"accA","out","Non-TR","Non-SR"
"IdnR","out","TR","SR"
"prlC","out","Non-TR","Non-SR"
"nuoJ","out","Non-TR","Non-SR"
"mraY","out","Non-TR","Non-SR"
"uof","out","Non-TR","Non-SR"
"fucA","out","Non-TR","Non-SR"
"yhfA","out","Non-TR","Non-SR"
"ybdZ","out","Non-TR","Non-SR"
"sgcA","out","Non-TR","Non-SR"
"yghS","out","Non-TR","Non-SR"
"hyaA","out","Non-TR","Non-SR"
"hyfI","out","Non-TR","Non-SR"
"ynbA","out","Non-TR","Non-SR"
"entH","out","Non-TR","Non-SR"
"codB","out","Non-TR","Non-SR"
"cas2","out","Non-TR","Non-SR"
"nrdH","out","Non-TR","Non-SR"
"ycjF","out","Non-TR","Non-SR"
"fixA","out","Non-TR","Non-SR"
"frlA","out","Non-TR","Non-SR"
"yciN","out","Non-TR","Non-SR"
"ompT","out","Non-TR","Non-SR"
"glcD","out","Non-TR","Non-SR"
"GalS","out","TR","SR"
"manY","out","Non-TR","Non-SR"
"xerD","out","Non-TR","Non-SR"
"scpA","out","Non-TR","Non-SR"
"cobU","out","Non-TR","Non-SR"
"tyrB","out","Non-TR","Non-SR"
"nagE","out","Non-TR","Non-SR"
"gntT","out","Non-TR","Non-SR"
"pgaB","out","Non-TR","Non-SR"
"ravA","out","Non-TR","Non-SR"
"yieF","out","Non-TR","Non-SR"
"paaI","out","Non-TR","Non-SR"
"focA","out","Non-TR","Non-SR"
"smrB","out","Non-TR","Non-SR"
"gltD","out","Non-TR","Non-SR"
"hypE","out","Non-TR","Non-SR"
"AccB","out","TR","Non-SR"
"sgbU","out","Non-TR","Non-SR"
"nanK","out","Non-TR","Non-SR"
"gcl","out","Non-TR","Non-SR"
"pepD","out","Non-TR","Non-SR"
"nadC","out","Non-TR","Non-SR"
"mfd","out","Non-TR","Non-SR"
"ilvB","out","Non-TR","Non-SR"
"ppiD","out","Non-TR","Non-SR"
"trpB","out","Non-TR","Non-SR"
"rfaH","out","Non-TR","Non-SR"
"rrfH","out","Non-TR","Non-SR"
"napD","out","Non-TR","Non-SR"
"yihG","out","Non-TR","Non-SR"
"waaY","out","Non-TR","Non-SR"
"acnA","out","Non-TR","Non-SR"
"glcA","out","Non-TR","Non-SR"
"gntP","out","Non-TR","Non-SR"
"rffH","out","Non-TR","Non-SR"
"lgoR","out","Non-TR","Non-SR"
"grpE","out","Non-TR","Non-SR"
"mobA","out","Non-TR","Non-SR"
"cysS","out","Non-TR","Non-SR"
"serC","out","Non-TR","Non-SR"
"btsT","out","Non-TR","Non-SR"
"prpD","out","Non-TR","Non-SR"
"rrsD","out","Non-TR","Non-SR"
"lpxT","out","Non-TR","Non-SR"
"ribE","out","Non-TR","Non-SR"
"thrB","out","Non-TR","Non-SR"
"aphA","out","Non-TR","Non-SR"
"manZ","out","Non-TR","Non-SR"
"oppD","out","Non-TR","Non-SR"
"hycD","out","Non-TR","Non-SR"
"rarA","out","Non-TR","Non-SR"
"fliQ","out","Non-TR","Non-SR"
"hyfB","out","Non-TR","Non-SR"
"pgpB","out","Non-TR","Non-SR"
"dxs","out","Non-TR","Non-SR"
"ydhX","out","Non-TR","Non-SR"
"yjcF","out","Non-TR","Non-SR"
"entF","out","Non-TR","Non-SR"
"hofN","out","Non-TR","Non-SR"
"fbaA","out","Non-TR","Non-SR"
"ribD","out","Non-TR","Non-SR"
"cadB","out","Non-TR","Non-SR"
"ydiM","out","Non-TR","Non-SR"
"rnlB","out","Non-TR","Non-SR"
"ompA","out","Non-TR","Non-SR"
"trhO","out","Non-TR","Non-SR"
"fabI","out","Non-TR","Non-SR"
"fdnH","out","Non-TR","Non-SR"
"ftnA","out","Non-TR","Non-SR"
"yzgL","out","Non-TR","Non-SR"
"elfG","out","Non-TR","Non-SR"
"fruB","out","Non-TR","Non-SR"
"cyoE","out","Non-TR","Non-SR"
"dnaJ","out","Non-TR","Non-SR"
"thrS","out","Non-TR","Non-SR"
"idnK","out","Non-TR","Non-SR"
"fnrS","out","Non-TR","Non-SR"
"GalR","out","TR","SR"
"aceF","out","Non-TR","Non-SR"
"livK","out","Non-TR","Non-SR"
"puuD","out","Non-TR","Non-SR"
"hisR","out","Non-TR","Non-SR"
"hemL","out","Non-TR","Non-SR"
"dctA","out","Non-TR","Non-SR"
"argG","out","Non-TR","Non-SR"
"pdeH","out","Non-TR","Non-SR"
"queA","out","Non-TR","Non-SR"
"znuA","out","Non-TR","Non-SR"
"eutP","out","Non-TR","Non-SR"
"ispH","out","Non-TR","Non-SR"
"alaX","out","Non-TR","Non-SR"
"glmY","out","Non-TR","Non-SR"
"nrdB","out","Non-TR","Non-SR"
"nikC","out","Non-TR","Non-SR"
"mutM","out","Non-TR","Non-SR"
"folK","out","Non-TR","Non-SR"
"yciZ","out","Non-TR","Non-SR"
"yieE","out","Non-TR","Non-SR"
"hslU","out","Non-TR","Non-SR"
"phnJ","out","Non-TR","Non-SR"
"hemN","out","Non-TR","Non-SR"
"yiaO","out","Non-TR","Non-SR"
"araG","out","Non-TR","Non-SR"
"tcyP","out","Non-TR","Non-SR"
"lolB","out","Non-TR","Non-SR"
"yajD","out","Non-TR","Non-SR"
"glgP","out","Non-TR","Non-SR"
"ybhL","out","Non-TR","Non-SR"
"pstS","out","Non-TR","Non-SR"
"tsaE","out","Non-TR","Non-SR"
"lhgD","out","Non-TR","Non-SR"
"thiQ","out","Non-TR","Non-SR"
"rplJ","out","Non-TR","Non-SR"
"tsx","out","Non-TR","Non-SR"
"ldtC","out","Non-TR","Non-SR"
"rfe","out","Non-TR","Non-SR"
"creD","out","Non-TR","Non-SR"
"ykfB","out","Non-TR","Non-SR"
"rutB","out","Non-TR","Non-SR"
"acrE","out","Non-TR","Non-SR"
"bcsE","out","Non-TR","Non-SR"
"ykgO","out","Non-TR","Non-SR"
"hybG","out","Non-TR","Non-SR"
"ybaB","out","Non-TR","Non-SR"
"hisA","out","Non-TR","Non-SR"
"argT","out","Non-TR","Non-SR"
"nudF","out","Non-TR","Non-SR"
"yfgH","out","Non-TR","Non-SR"
"wcaE","out","Non-TR","Non-SR"
"sgbH","out","Non-TR","Non-SR"
"norW","out","Non-TR","Non-SR"
"lacY","out","Non-TR","Non-SR"
"flhE","out","Non-TR","Non-SR"
"dgoT","out","Non-TR","Non-SR"
"ansB","out","Non-TR","Non-SR"
"ubiA","out","Non-TR","Non-SR"
"gpmA","out","Non-TR","Non-SR"
"loiP","out","Non-TR","Non-SR"
"yjgN","out","Non-TR","Non-SR"
"mutY","out","Non-TR","Non-SR"
"rybA","out","Non-TR","Non-SR"
"hemH","out","Non-TR","Non-SR"
"CusR","out","TR","SR"
"ompF","out","Non-TR","Non-SR"
"dut","out","Non-TR","Non-SR"
"rspB","out","Non-TR","Non-SR"
"asnT","out","Non-TR","Non-SR"
"manA","out","Non-TR","Non-SR"
"yaiY","out","Non-TR","Non-SR"
"AaeR","out","TR","Non-SR"
"yeaE","out","Non-TR","Non-SR"
"tfaR","out","Non-TR","Non-SR"
"ddpX","out","Non-TR","Non-SR"
"greB","out","Non-TR","Non-SR"
"fhuA","out","Non-TR","Non-SR"
"fimD","out","Non-TR","Non-SR"
"rplY","out","Non-TR","Non-SR"
"ebgC","out","Non-TR","Non-SR"
"ybgE","out","Non-TR","Non-SR"
"aldB","out","Non-TR","Non-SR"
"trpA","out","Non-TR","Non-SR"
"pphA","out","Non-TR","Non-SR"
"yciF","out","Non-TR","Non-SR"
"ybhS","out","Non-TR","Non-SR"
"livJ","out","Non-TR","Non-SR"
"ydhQ","out","Non-TR","Non-SR"
"metK","out","Non-TR","Non-SR"
"yfdE","out","Non-TR","Non-SR"
"ilvA","out","Non-TR","Non-SR"
"hspQ","out","Non-TR","Non-SR"
"rhaT","out","Non-TR","Non-SR"
"pgpC","out","Non-TR","Non-SR"
"narV","out","Non-TR","Non-SR"
"sibE","out","Non-TR","Non-SR"
"yhiJ","out","Non-TR","Non-SR"
"flhB","out","Non-TR","Non-SR"
"mreB","out","Non-TR","Non-SR"
"xthA","out","Non-TR","Non-SR"
"fliR","out","Non-TR","Non-SR"
"ddpD","out","Non-TR","Non-SR"
"lolC","out","Non-TR","Non-SR"
"ynfE","out","Non-TR","Non-SR"
"ycjX","out","Non-TR","Non-SR"
"valX","out","Non-TR","Non-SR"
"ppsR","out","Non-TR","Non-SR"
"mgtL","out","Non-TR","Non-SR"
"rne","out","Non-TR","Non-SR"
"glpF","out","Non-TR","Non-SR"
"yadM","out","Non-TR","Non-SR"
"hdeA","out","Non-TR","Non-SR"
"rutD","out","Non-TR","Non-SR"
"hybD","out","Non-TR","Non-SR"
"ileY","out","Non-TR","Non-SR"
"galT","out","Non-TR","Non-SR"
"otsA","out","Non-TR","Non-SR"
"citE","out","Non-TR","Non-SR"
"ygeG","out","Non-TR","Non-SR"
"glcE","out","Non-TR","Non-SR"
"ispA","out","Non-TR","Non-SR"
"skp","out","Non-TR","Non-SR"
"yfeX","out","Non-TR","Non-SR"
"yjeJ","out","Non-TR","Non-SR"
"queE","out","Non-TR","Non-SR"
"cysM","out","Non-TR","Non-SR"
"flgA","out","Non-TR","Non-SR"
"panC","out","Non-TR","Non-SR"
"dmsC","out","Non-TR","Non-SR"
"paaF","out","Non-TR","Non-SR"
"ybeZ","out","Non-TR","Non-SR"
"araF","out","Non-TR","Non-SR"
"serT","out","Non-TR","Non-SR"
"mrp","out","Non-TR","Non-SR"
"ppsA","out","Non-TR","Non-SR"
"rplV","out","Non-TR","Non-SR"
"ydiP","out","Non-TR","Non-SR"
"gltA","out","Non-TR","Non-SR"
"ybaT","out","Non-TR","Non-SR"
"gspA","out","Non-TR","Non-SR"
"waaL","out","Non-TR","Non-SR"
"gloA","out","Non-TR","Non-SR"
"MalI","out","TR","Non-SR"
"wcaA","out","Non-TR","Non-SR"
"rcnB","out","Non-TR","Non-SR"
"putP","out","Non-TR","Non-SR"
"rpsS","out","Non-TR","Non-SR"
"iscS","out","Non-TR","Non-SR"
"yjjP","out","Non-TR","Non-SR"
"aer","out","Non-TR","Non-SR"
"hcaF","out","Non-TR","Non-SR"
"sulA","out","Non-TR","Non-SR"
"acrD","out","Non-TR","Non-SR"
"yeiP","out","Non-TR","Non-SR"
"isrC","out","Non-TR","Non-SR"
"yjfN","out","Non-TR","Non-SR"
"cysG","out","Non-TR","Non-SR"
"hflX","out","Non-TR","Non-SR"
"lpxA","out","Non-TR","Non-SR"
"emrY","out","Non-TR","Non-SR"
"AraC","out","TR","SR"
"TdcA","out","TR","SR"
"thrL","out","Non-TR","Non-SR"
"artJ","out","Non-TR","Non-SR"
"uspF","out","Non-TR","Non-SR"
"fau","out","Non-TR","Non-SR"
"uspB","out","Non-TR","Non-SR"
"hchA","out","Non-TR","Non-SR"
"yceB","out","Non-TR","Non-SR"
"MetJ","out","TR","SR"
"yciE","out","Non-TR","Non-SR"
"ssuE","out","Non-TR","Non-SR"
"kbp","out","Non-TR","Non-SR"
"guaA","out","Non-TR","Non-SR"
"sucC","out","Non-TR","Non-SR"
"dgcJ","out","Non-TR","Non-SR"
"ygjI","out","Non-TR","Non-SR"
"hofP","out","Non-TR","Non-SR"
"nth","out","Non-TR","Non-SR"
"hpt","out","Non-TR","Non-SR"
"gltV","out","Non-TR","Non-SR"
"rsmJ","out","Non-TR","Non-SR"
"ydfR","out","Non-TR","Non-SR"
"flgG","out","Non-TR","Non-SR"
"dgcC","out","Non-TR","Non-SR"
"acrA","out","Non-TR","Non-SR"
"mdtA","out","Non-TR","Non-SR"
"recX","out","Non-TR","Non-SR"
"deoC","out","Non-TR","Non-SR"
"dppF","out","Non-TR","Non-SR"
"PaaX","out","TR","SR"
"spoT","out","Non-TR","Non-SR"
"hyfA","out","Non-TR","Non-SR"
"leuZ","out","Non-TR","Non-SR"
"agaV","out","Non-TR","Non-SR"
"murI","out","Non-TR","Non-SR"
"UidR","out","TR","SR"
"cmk","out","Non-TR","Non-SR"
"ygaP","out","Non-TR","Non-SR"
"bcsB","out","Non-TR","Non-SR"
"sixA","out","Non-TR","Non-SR"
"wecB","out","Non-TR","Non-SR"
"araD","out","Non-TR","Non-SR"
"FrlR","out","TR","SR"
"fumC","out","Non-TR","Non-SR"
"queD","out","Non-TR","Non-SR"
"kdsB","out","Non-TR","Non-SR"
"gatB","out","Non-TR","Non-SR"
"cyoA","out","Non-TR","Non-SR"
"safA","out","Non-TR","Non-SR"
"mreD","out","Non-TR","Non-SR"
"ppdD","out","Non-TR","Non-SR"
"alsE","out","Non-TR","Non-SR"
"yeiW","out","Non-TR","Non-SR"
"leuX","out","Non-TR","Non-SR"
"mntS","out","Non-TR","Non-SR"
"pabA","out","Non-TR","Non-SR"
"chbB","out","Non-TR","Non-SR"
"cusA","out","Non-TR","Non-SR"
"kdsC","out","Non-TR","Non-SR"
"ybbC","out","Non-TR","Non-SR"
"puuE","out","Non-TR","Non-SR"
"rirA","out","Non-TR","Non-SR"
"dgoK","out","Non-TR","Non-SR"
"betB","out","Non-TR","Non-SR"
"udp","out","Non-TR","Non-SR"
"degS","out","Non-TR","Non-SR"
"ygaZ","out","Non-TR","Non-SR"
"ytfB","out","Non-TR","Non-SR"
"uidC","out","Non-TR","Non-SR"
"ZntR","out","TR","SR"
"purE","out","Non-TR","Non-SR"
"RcnR","out","TR","SR"
"wzb","out","Non-TR","Non-SR"
"fliO","out","Non-TR","Non-SR"
"bcsZ","out","Non-TR","Non-SR"
"dgcT","out","Non-TR","Non-SR"
"tadA","out","Non-TR","Non-SR"
"rpsU","out","Non-TR","Non-SR"
"leuV","out","Non-TR","Non-SR"
"wcaB","out","Non-TR","Non-SR"
"bamD","out","Non-TR","Non-SR"
"alaT","out","Non-TR","Non-SR"
"fabA","out","Non-TR","Non-SR"
"yafN","out","Non-TR","Non-SR"
"efp","out","Non-TR","Non-SR"
"ubiI","out","Non-TR","Non-SR"
"fepG","out","Non-TR","Non-SR"
"NarL","out","TR","SR"
"nuoG","out","Non-TR","Non-SR"
"clpB","out","Non-TR","Non-SR"
"yegH","out","Non-TR","Non-SR"
"rfbB","out","Non-TR","Non-SR"
"dctR","out","Non-TR","Non-SR"
"ydgI","out","Non-TR","Non-SR"
"ybgS","out","Non-TR","Non-SR"
"alaC","out","Non-TR","Non-SR"
"iscU","out","Non-TR","Non-SR"
"dmsD","out","Non-TR","Non-SR"
"sbmC","out","Non-TR","Non-SR"
"preT","out","Non-TR","Non-SR"
"rimP","out","Non-TR","Non-SR"
"lldD","out","Non-TR","Non-SR"
"cusC","out","Non-TR","Non-SR"
"yrdD","out","Non-TR","Non-SR"
"ykfH","out","Non-TR","Non-SR"
"essD","out","Non-TR","Non-SR"
"rdcA","out","Non-TR","Non-SR"
"rhaA","out","Non-TR","Non-SR"
"rpmE","out","Non-TR","Non-SR"
"psiF","out","Non-TR","Non-SR"
"oppC","out","Non-TR","Non-SR"
"glnX","out","Non-TR","Non-SR"
"McbR","out","TR","Non-SR"
"treF","out","Non-TR","Non-SR"
"prmC","out","Non-TR","Non-SR"
"amiC","out","Non-TR","Non-SR"
"dinG","out","Non-TR","Non-SR"
"nrfF","out","Non-TR","Non-SR"
"ybgA","out","Non-TR","Non-SR"
"HyfR","out","TR","Non-SR"
"UhpA","out","TR","SR"
"npr","out","Non-TR","Non-SR"
"ubiU","out","Non-TR","Non-SR"
"cpxP","out","Non-TR","Non-SR"
"micL","out","Non-TR","Non-SR"
"pntB","out","Non-TR","Non-SR"
"alkB","out","Non-TR","Non-SR"
"dicB","out","Non-TR","Non-SR"
"mdtF","out","Non-TR","Non-SR"
"eno","out","Non-TR","Non-SR"
"aaeB","out","Non-TR","Non-SR"
"ygcP","out","Non-TR","Non-SR"
"glpB","out","Non-TR","Non-SR"
"insC5","out","Non-TR","Non-SR"
"frc","out","Non-TR","Non-SR"
"nrfA","out","Non-TR","Non-SR"
"fliI","out","Non-TR","Non-SR"
"prfB","out","Non-TR","Non-SR"
"iaaA","out","Non-TR","Non-SR"
"purF","out","Non-TR","Non-SR"
"ftsZ","out","Non-TR","Non-SR"
"hypB","out","Non-TR","Non-SR"
"emrD","out","Non-TR","Non-SR"
"rutE","out","Non-TR","Non-SR"
"glsA","out","Non-TR","Non-SR"
"ybjG","out","Non-TR","Non-SR"
"fecR","out","Non-TR","Non-SR"
"rpoB","out","Non-TR","Non-SR"
"rdlD","out","Non-TR","Non-SR"
"xapA","out","Non-TR","Non-SR"
"asnU","out","Non-TR","Non-SR"
"yafW","out","Non-TR","Non-SR"
"aroL","out","Non-TR","Non-SR"
"tsf","out","Non-TR","Non-SR"
"yjbQ","out","Non-TR","Non-SR"
"umuC","out","Non-TR","Non-SR"
"mtr","out","Non-TR","Non-SR"
"ydfK","out","Non-TR","Non-SR"
"yffP","out","Non-TR","Non-SR"
"yggN","out","Non-TR","Non-SR"
"yhgH","out","Non-TR","Non-SR"
"gcvB","out","Non-TR","Non-SR"
"cysC","out","Non-TR","Non-SR"
"ydiB","out","Non-TR","Non-SR"
"rnpB","out","Non-TR","Non-SR"
"sgcQ","out","Non-TR","Non-SR"
"nadD","out","Non-TR","Non-SR"
"ybhF","out","Non-TR","Non-SR"
"mgtS","out","Non-TR","Non-SR"
"leuC","out","Non-TR","Non-SR"
"cspD","out","Non-TR","Non-SR"
"Rob","out","TR","Non-SR"
"ydiY","out","Non-TR","Non-SR"
"tdcC","out","Non-TR","Non-SR"
"mngB","out","Non-TR","Non-SR"
"ftsL","out","Non-TR","Non-SR"
"yadS","out","Non-TR","Non-SR"
"proV","out","Non-TR","Non-SR"
"hisG","out","Non-TR","Non-SR"
"feaB","out","Non-TR","Non-SR"
"waaC","out","Non-TR","Non-SR"
"rplA","out","Non-TR","Non-SR"
"ccmH","out","Non-TR","Non-SR"
"lpxD","out","Non-TR","Non-SR"
"gltT","out","Non-TR","Non-SR"
"hycH","out","Non-TR","Non-SR"
"sufC","out","Non-TR","Non-SR"
"nrdI","out","Non-TR","Non-SR"
"yiaN","out","Non-TR","Non-SR"
"gcvT","out","Non-TR","Non-SR"
"proM","out","Non-TR","Non-SR"
"lptC","out","Non-TR","Non-SR"
"lpxH","out","Non-TR","Non-SR"
"leuW","out","Non-TR","Non-SR"
"hcaC","out","Non-TR","Non-SR"
"aroB","out","Non-TR","Non-SR"
"hscB","out","Non-TR","Non-SR"
"frdA","out","Non-TR","Non-SR"
"pheA","out","Non-TR","Non-SR"
"chpB","out","Non-TR","Non-SR"
"fimH","out","Non-TR","Non-SR"
"yihD","out","Non-TR","Non-SR"
"paaA","out","Non-TR","Non-SR"
"paaY","out","Non-TR","Non-SR"
"yabI","out","Non-TR","Non-SR"
"uspA","out","Non-TR","Non-SR"
"iscX","out","Non-TR","Non-SR"
"rpiA","out","Non-TR","Non-SR"
"cpoB","out","Non-TR","Non-SR"
"csrB","out","Non-TR","Non-SR"
"sfsB","out","Non-TR","Non-SR"
"obgE","out","Non-TR","Non-SR"
"ydfA","out","Non-TR","Non-SR"
"aroD","out","Non-TR","Non-SR"
"yaeF","out","Non-TR","Non-SR"
"Cbl","out","TR","SR"
"HicB","out","TR","Non-SR"
"cyaA","out","Non-TR","Non-SR"
"ygiZ","out","Non-TR","Non-SR"
"argQ","out","Non-TR","Non-SR"
"argV","out","Non-TR","Non-SR"
"gabD","out","Non-TR","Non-SR"
"glnP","out","Non-TR","Non-SR"
"araB","out","Non-TR","Non-SR"
"ybeQ","out","Non-TR","Non-SR"
"ydjM","out","Non-TR","Non-SR"
"galM","out","Non-TR","Non-SR"
"phoU","out","Non-TR","Non-SR"
"mhpD","out","Non-TR","Non-SR"
"cyoB","out","Non-TR","Non-SR"
"torC","out","Non-TR","Non-SR"
"rssA","out","Non-TR","Non-SR"
"cyoC","out","Non-TR","Non-SR"
"yhjR","out","Non-TR","Non-SR"
"yfaP","out","Non-TR","Non-SR"
"Mlc","out","TR","Non-SR"
"NrdR","out","TR","SR"
"cbrB","out","Non-TR","Non-SR"
"fliC","out","Non-TR","Non-SR"
"ycaM","out","Non-TR","Non-SR"
"astC","out","Non-TR","Non-SR"
"yihT","out","Non-TR","Non-SR"
"polB","out","Non-TR","Non-SR"
"cutA","out","Non-TR","Non-SR"
"gutQ","out","Non-TR","Non-SR"
"fliD","out","Non-TR","Non-SR"
"ppnN","out","Non-TR","Non-SR"
"waaO","out","Non-TR","Non-SR"
"atpF","out","Non-TR","Non-SR"
"mdtU","out","Non-TR","Non-SR"
"psiE","out","Non-TR","Non-SR"
"sbmA","out","Non-TR","Non-SR"
"sroC","out","Non-TR","Non-SR"
"phoH","out","Non-TR","Non-SR"
"acrZ","out","Non-TR","Non-SR"
"deoD","out","Non-TR","Non-SR"
"leuL","out","Non-TR","Non-SR"
"hycF","out","Non-TR","Non-SR"
"ybhR","out","Non-TR","Non-SR"
"cirA","out","Non-TR","Non-SR"
"livG","out","Non-TR","Non-SR"
"dcd","out","Non-TR","Non-SR"
"ssuB","out","Non-TR","Non-SR"
"torD","out","Non-TR","Non-SR"
"nrdF","out","Non-TR","Non-SR"
"agp","out","Non-TR","Non-SR"
"preA","out","Non-TR","Non-SR"
"yfdX","out","Non-TR","Non-SR"
"ytiC","out","Non-TR","Non-SR"
"abgA","out","Non-TR","Non-SR"
"malX","out","Non-TR","Non-SR"
"surA","out","Non-TR","Non-SR"
"galE","out","Non-TR","Non-SR"
"pyrB","out","Non-TR","Non-SR"
"rbsK","out","Non-TR","Non-SR"
"msyB","out","Non-TR","Non-SR"
"cydC","out","Non-TR","Non-SR"
"yrhB","out","Non-TR","Non-SR"
"MurR","out","TR","Non-SR"
"tauD","out","Non-TR","Non-SR"
"uvrA","out","Non-TR","Non-SR"
"yfbK","out","Non-TR","Non-SR"
"thrV","out","Non-TR","Non-SR"
"yebQ","out","Non-TR","Non-SR"
"znuB","out","Non-TR","Non-SR"
"yijO","out","Non-TR","Non-SR"
"bglX","out","Non-TR","Non-SR"
"slt","out","Non-TR","Non-SR"
"metN","out","Non-TR","Non-SR"
"tnaC","out","Non-TR","Non-SR"
"ruvB","out","Non-TR","Non-SR"
"mngA","out","Non-TR","Non-SR"
"metT","out","Non-TR","Non-SR"
"ygbA","out","Non-TR","Non-SR"
"exbD","out","Non-TR","Non-SR"
"yafV","out","Non-TR","Non-SR"
"paaD","out","Non-TR","Non-SR"
"hscA","out","Non-TR","Non-SR"
"nemA","out","Non-TR","Non-SR"
"pncC","out","Non-TR","Non-SR"
"dtpB","out","Non-TR","Non-SR"
"proS","out","Non-TR","Non-SR"
"wzyE","out","Non-TR","Non-SR"
"fumB","out","Non-TR","Non-SR"
"lptB","out","Non-TR","Non-SR"
"prpE","out","Non-TR","Non-SR"
"yihL","out","Non-TR","Non-SR"
"YeiL","out","TR","Non-SR"
"rbn","out","Non-TR","Non-SR"
"tisB","out","Non-TR","Non-SR"
"shiA","out","Non-TR","Non-SR"
"cysU","out","Non-TR","Non-SR"
"MalT","out","TR","SR"
"sodA","out","Non-TR","Non-SR"
"trmH","out","Non-TR","Non-SR"
"ydhW","out","Non-TR","Non-SR"
"ecnB","out","Non-TR","Non-SR"
"zraP","out","Non-TR","Non-SR"
"ridA","out","Non-TR","Non-SR"
"lysP","out","Non-TR","Non-SR"
"ydaU","out","Non-TR","Non-SR"
"ychO","out","Non-TR","Non-SR"
"hslR","out","Non-TR","Non-SR"
"potI","out","Non-TR","Non-SR"
"pgpA","out","Non-TR","Non-SR"
"yciW","out","Non-TR","Non-SR"
"slp","out","Non-TR","Non-SR"
"yjfP","out","Non-TR","Non-SR"
"narX","out","Non-TR","Non-SR"
"dgcQ","out","Non-TR","Non-SR"
"ComR","out","TR","SR"
"metB","out","Non-TR","Non-SR"
"omrB","out","Non-TR","Non-SR"
"hcaB","out","Non-TR","Non-SR"
"cydA","out","Non-TR","Non-SR"
"astA","out","Non-TR","Non-SR"
"ileU","out","Non-TR","Non-SR"
"amiB","out","Non-TR","Non-SR"
"cmtA","out","Non-TR","Non-SR"
"astE","out","Non-TR","Non-SR"
"uidA","out","Non-TR","Non-SR"
"mukB","out","Non-TR","Non-SR"
"prlF","out","Non-TR","Non-SR"
"ysgA","out","Non-TR","Non-SR"
"infB","out","Non-TR","Non-SR"
"speF","out","Non-TR","Non-SR"
"ubiT","out","Non-TR","Non-SR"
"fecA","out","Non-TR","Non-SR"
"FucR","out","TR","SR"
"sgrT","out","Non-TR","Non-SR"
"tdcB","out","Non-TR","Non-SR"
"yecE","out","Non-TR","Non-SR"
"tpr","out","Non-TR","Non-SR"
"rpsN","out","Non-TR","Non-SR"
"rpsB","out","Non-TR","Non-SR"
"hslO","out","Non-TR","Non-SR"
"hybF","out","Non-TR","Non-SR"
"yhaV","out","Non-TR","Non-SR"
"ybjX","out","Non-TR","Non-SR"
"pspE","out","Non-TR","Non-SR"
"mltA","out","Non-TR","Non-SR"
"mutL","out","Non-TR","Non-SR"
"pdxA","out","Non-TR","Non-SR"
"ygcO","out","Non-TR","Non-SR"
"hisI","out","Non-TR","Non-SR"
"pdxK","out","Non-TR","Non-SR"
"DhaR","out","TR","Non-SR"
"tonB","out","Non-TR","Non-SR"
"uraA","out","Non-TR","Non-SR"
"msrA","out","Non-TR","Non-SR"
"rlmF","out","Non-TR","Non-SR"
"sibA","out","Non-TR","Non-SR"
"yhhY","out","Non-TR","Non-SR"
"pta","out","Non-TR","Non-SR"
"hofM","out","Non-TR","Non-SR"
"ytiD","out","Non-TR","Non-SR"
"cheR","out","Non-TR","Non-SR"
"rplE","out","Non-TR","Non-SR"
"csgA","out","Non-TR","Non-SR"
"yjbJ","out","Non-TR","Non-SR"
"NfeR","out","TR","SR"
"caiB","out","Non-TR","Non-SR"
"hyfG","out","Non-TR","Non-SR"
"sraG","out","Non-TR","Non-SR"
"yaaX","out","Non-TR","Non-SR"
"dpaA","out","Non-TR","Non-SR"
"cusS","out","Non-TR","Non-SR"
"yciC","out","Non-TR","Non-SR"
"sbcC","out","Non-TR","Non-SR"
"pyrD","out","Non-TR","Non-SR"
"trxA","out","Non-TR","Non-SR"
"yqjA","out","Non-TR","Non-SR"
"hyfH","out","Non-TR","Non-SR"
"hicA","out","Non-TR","Non-SR"
"ssuD","out","Non-TR","Non-SR"
"ppdB","out","Non-TR","Non-SR"
"malZ","out","Non-TR","Non-SR"
"rspA","out","Non-TR","Non-SR"
"hyaC","out","Non-TR","Non-SR"
"rpsI","out","Non-TR","Non-SR"
"wzxE","out","Non-TR","Non-SR"
"opgH","out","Non-TR","Non-SR"
"yehX","out","Non-TR","Non-SR"
"kdpA","out","Non-TR","Non-SR"
"agaC","out","Non-TR","Non-SR"
"ugpQ","out","Non-TR","Non-SR"
"bamC","out","Non-TR","Non-SR"
"purT","out","Non-TR","Non-SR"
"DgoR","out","TR","SR"
"ynfD","out","Non-TR","Non-SR"
"yggE","out","Non-TR","Non-SR"
"ychA","out","Non-TR","Non-SR"
"cynT","out","Non-TR","Non-SR"
"rrfE","out","Non-TR","Non-SR"
"dadX","out","Non-TR","Non-SR"
"dinI","out","Non-TR","Non-SR"
"miaA","out","Non-TR","Non-SR"
"BaeR","out","TR","SR"
"recN","out","Non-TR","Non-SR"
"sibB","out","Non-TR","Non-SR"
"rplR","out","Non-TR","Non-SR"
"lsrF","out","Non-TR","Non-SR"
"intD","out","Non-TR","Non-SR"
"ynfB","out","Non-TR","Non-SR"
"mdtB","out","Non-TR","Non-SR"
"can","out","Non-TR","Non-SR"
"slyX","out","Non-TR","Non-SR"
"yfbV","out","Non-TR","Non-SR"
"prpC","out","Non-TR","Non-SR"
"ftp","out","Non-TR","Non-SR"
"phnG","out","Non-TR","Non-SR"
"cydB","out","Non-TR","Non-SR"
"ygdR","out","Non-TR","Non-SR"
"psd","out","Non-TR","Non-SR"
"ribF","out","Non-TR","Non-SR"
"rpmJ","out","Non-TR","Non-SR"
"pinQ","out","Non-TR","Non-SR"
"gadA","out","Non-TR","Non-SR"
"yiiM","out","Non-TR","Non-SR"
"lysV","out","Non-TR","Non-SR"
"glyW","out","Non-TR","Non-SR"
"gltJ","out","Non-TR","Non-SR"
"yehF","out","Non-TR","Non-SR"
"fes","out","Non-TR","Non-SR"
"gor","out","Non-TR","Non-SR"
"ruvA","out","Non-TR","Non-SR"
"aspC","out","Non-TR","Non-SR"
"ygaC","out","Non-TR","Non-SR"
"ydaT","out","Non-TR","Non-SR"
"recF","out","Non-TR","Non-SR"
"guaB","out","Non-TR","Non-SR"
"asd","out","Non-TR","Non-SR"
"rrrD","out","Non-TR","Non-SR"
"hyfD","out","Non-TR","Non-SR"
"glaH","out","Non-TR","Non-SR"
"AllS","out","TR","SR"
"ygdB","out","Non-TR","Non-SR"
"modB","out","Non-TR","Non-SR"
"fadH","out","Non-TR","Non-SR"
"elfA","out","Non-TR","Non-SR"
"yhfZ","out","Non-TR","Non-SR"
"ompX","out","Non-TR","Non-SR"
"deoB","out","Non-TR","Non-SR"
"panZ","out","Non-TR","Non-SR"
"yjeH","out","Non-TR","Non-SR"
"glnU","out","Non-TR","Non-SR"
"ycjY","out","Non-TR","Non-SR"
"phnF","out","Non-TR","Non-SR"
"lpd","out","Non-TR","Non-SR"
"ExuR","out","TR","SR"
"ynbD","out","Non-TR","Non-SR"
"ygjV","out","Non-TR","Non-SR"
"ung","out","Non-TR","Non-SR"
"ygcE","out","Non-TR","Non-SR"
"ligB","out","Non-TR","Non-SR"
"hofB","out","Non-TR","Non-SR"
"ribA","out","Non-TR","Non-SR"
"yhjD","out","Non-TR","Non-SR"
"amn","out","Non-TR","Non-SR"
"gyrA","out","Non-TR","Non-SR"
"htpX","out","Non-TR","Non-SR"
"slmA","out","Non-TR","Non-SR"
"kbaY","out","Non-TR","Non-SR"
"gspH","out","Non-TR","Non-SR"
"dinQ","out","Non-TR","Non-SR"
"glyU","out","Non-TR","Non-SR"
"wecF","out","Non-TR","Non-SR"
"RelB-RelE","out","TR","Non-SR"
"rpsP","out","Non-TR","Non-SR"
"ybcW","out","Non-TR","Non-SR"
"lacA","out","Non-TR","Non-SR"
"gsk","out","Non-TR","Non-SR"
"alsA","out","Non-TR","Non-SR"
"ytfE","out","Non-TR","Non-SR"
"ddpC","out","Non-TR","Non-SR"
"yjgH","out","Non-TR","Non-SR"
"cysA","out","Non-TR","Non-SR"
"HipAB","out","TR","Non-SR"
"yccM","out","Non-TR","Non-SR"
"casD","out","Non-TR","Non-SR"
"gpt","out","Non-TR","Non-SR"
"yfgG","out","Non-TR","Non-SR"
"ydbD","out","Non-TR","Non-SR"
"yigI","out","Non-TR","Non-SR"
"rpoA","out","Non-TR","Non-SR"
"mgtA","out","Non-TR","Non-SR"
"plsX","out","Non-TR","Non-SR"
"NhaR","out","TR","SR"
"rrfF","out","Non-TR","Non-SR"
"grxB","out","Non-TR","Non-SR"
"argY","out","Non-TR","Non-SR"
"yeaH","out","Non-TR","Non-SR"
"PdhR","out","TR","SR"
"thrA","out","Non-TR","Non-SR"
"ilvC","out","Non-TR","Non-SR"
"lsrB","out","Non-TR","Non-SR"
"sufE","out","Non-TR","Non-SR"
"glyV","out","Non-TR","Non-SR"
"serW","out","Non-TR","Non-SR"
"gcvR","out","Non-TR","Non-SR"
"yjbB","out","Non-TR","Non-SR"
"CreB","out","TR","SR"
"yfgD","out","Non-TR","Non-SR"
"mdtL","out","Non-TR","Non-SR"
"uspC","out","Non-TR","Non-SR"
"grcA","out","Non-TR","Non-SR"
"TyrR","out","TR","SR"
"ycaR","out","Non-TR","Non-SR"
"murP","out","Non-TR","Non-SR"
"entE","out","Non-TR","Non-SR"
"yghJ","out","Non-TR","Non-SR"
"yojI","out","Non-TR","Non-SR"
"fhuC","out","Non-TR","Non-SR"
"pspC","out","Non-TR","Non-SR"
"glpX","out","Non-TR","Non-SR"
"fruA","out","Non-TR","Non-SR"
"dcm","out","Non-TR","Non-SR"
"yehW","out","Non-TR","Non-SR"
"ymiC","out","Non-TR","Non-SR"
"mlaB","out","Non-TR","Non-SR"
"nhaA","out","Non-TR","Non-SR"
"thrW","out","Non-TR","Non-SR"
"waaQ","out","Non-TR","Non-SR"
"ecpA","out","Non-TR","Non-SR"
"trxB","out","Non-TR","Non-SR"
"ibpA","out","Non-TR","Non-SR"
"yjiL","out","Non-TR","Non-SR"
"yjhH","out","Non-TR","Non-SR"
"murQ","out","Non-TR","Non-SR"
"nfsB","out","Non-TR","Non-SR"
"csgE","out","Non-TR","Non-SR"
"sohB","out","Non-TR","Non-SR"
"rraA","out","Non-TR","Non-SR"
"nrfG","out","Non-TR","Non-SR"
"ybhH","out","Non-TR","Non-SR"
"eutT","out","Non-TR","Non-SR"
"yodC","out","Non-TR","Non-SR"
"yccA","out","Non-TR","Non-SR"
"uxaA","out","Non-TR","Non-SR"
"torT","out","Non-TR","Non-SR"
"appB","out","Non-TR","Non-SR"
"pgm","out","Non-TR","Non-SR"
"lysC","out","Non-TR","Non-SR"
"tauB","out","Non-TR","Non-SR"
"clpS","out","Non-TR","Non-SR"
"aceK","out","Non-TR","Non-SR"
"yiaM","out","Non-TR","Non-SR"
"ybdN","out","Non-TR","Non-SR"
"dcuC","out","Non-TR","Non-SR"
"atpB","out","Non-TR","Non-SR"
"pspD","out","Non-TR","Non-SR"
"flgH","out","Non-TR","Non-SR"
"lhr","out","Non-TR","Non-SR"
"gmk","out","Non-TR","Non-SR"
"mepH","out","Non-TR","Non-SR"
"nudB","out","Non-TR","Non-SR"
"xylB","out","Non-TR","Non-SR"
"hybO","out","Non-TR","Non-SR"
"ompC","out","Non-TR","Non-SR"
"frlB","out","Non-TR","Non-SR"
"rhlE","out","Non-TR","Non-SR"
"nuoL","out","Non-TR","Non-SR"
"ygcS","out","Non-TR","Non-SR"
"hisD","out","Non-TR","Non-SR"
"casB","out","Non-TR","Non-SR"
"ydfC","out","Non-TR","Non-SR"
"mdaB","out","Non-TR","Non-SR"
"ydcZ","out","Non-TR","Non-SR"
"tatD","out","Non-TR","Non-SR"
"MarR","out","TR","Non-SR"
"waaF","out","Non-TR","Non-SR"
"PutA","out","TR","SR"
"scpC","out","Non-TR","Non-SR"
"pphB","out","Non-TR","Non-SR"
"oppA","out","Non-TR","Non-SR"
"groS","out","Non-TR","Non-SR"
"mpl","out","Non-TR","Non-SR"
"nirB","out","Non-TR","Non-SR"
"malY","out","Non-TR","Non-SR"
"ppdA","out","Non-TR","Non-SR"
"nnr","out","Non-TR","Non-SR"
"ydhV","out","Non-TR","Non-SR"
"pheS","out","Non-TR","Non-SR"
"alsB","out","Non-TR","Non-SR"
"waaG","out","Non-TR","Non-SR"
"yebE","out","Non-TR","Non-SR"
"lolA","out","Non-TR","Non-SR"
"pspH","out","Non-TR","Non-SR"
"pfkB","out","Non-TR","Non-SR"
"cusB","out","Non-TR","Non-SR"
"atpG","out","Non-TR","Non-SR"
"kbaZ","out","Non-TR","Non-SR"
"rplX","out","Non-TR","Non-SR"
"gltI","out","Non-TR","Non-SR"
"tktB","out","Non-TR","Non-SR"
"cheB","out","Non-TR","Non-SR"
"acs","out","Non-TR","Non-SR"
"bglB","out","Non-TR","Non-SR"
"purB","out","Non-TR","Non-SR"
"ugpB","out","Non-TR","Non-SR"
"ccp","out","Non-TR","Non-SR"
"ynfG","out","Non-TR","Non-SR"
"pflA","out","Non-TR","Non-SR"
"sufB","out","Non-TR","Non-SR"
"fliN","out","Non-TR","Non-SR"
"speE","out","Non-TR","Non-SR"
"sodC","out","Non-TR","Non-SR"
"lsrD","out","Non-TR","Non-SR"
"fadE","out","Non-TR","Non-SR"
"ibsD","out","Non-TR","Non-SR"
"cynX","out","Non-TR","Non-SR"
"hslJ","out","Non-TR","Non-SR"
"tdh","out","Non-TR","Non-SR"
"hybB","out","Non-TR","Non-SR"
"thrT","out","Non-TR","Non-SR"
"hofO","out","Non-TR","Non-SR"
"serV","out","Non-TR","Non-SR"
"pgi","out","Non-TR","Non-SR"
"glnL","out","Non-TR","Non-SR"
"xylH","out","Non-TR","Non-SR"
"GntR","out","TR","SR"
"puuP","out","Non-TR","Non-SR"
"oxyS","out","Non-TR","Non-SR"
"ldhA","out","Non-TR","Non-SR"
"bamE","out","Non-TR","Non-SR"
"gnsA","out","Non-TR","Non-SR"
"mdtC","out","Non-TR","Non-SR"
"ydeE","out","Non-TR","Non-SR"
"ykgL","out","Non-TR","Non-SR"
"yjcO","out","Non-TR","Non-SR"
"ivbL","out","Non-TR","Non-SR"
"glnV","out","Non-TR","Non-SR"
"ivy","out","Non-TR","Non-SR"
"ibaG","out","Non-TR","Non-SR"
"rseD","out","Non-TR","Non-SR"
"fecE","out","Non-TR","Non-SR"
"waaU","out","Non-TR","Non-SR"
"nuoK","out","Non-TR","Non-SR"
"glxR","out","Non-TR","Non-SR"
"phoE","out","Non-TR","Non-SR"
"yffO","out","Non-TR","Non-SR"
"yciG","out","Non-TR","Non-SR"
"hemA","out","Non-TR","Non-SR"
"sgbE","out","Non-TR","Non-SR"
"alaE","out","Non-TR","Non-SR"
"cysJ","out","Non-TR","Non-SR"
"YgiV","out","TR","Non-SR"
"yfeY","out","Non-TR","Non-SR"
"narU","out","Non-TR","Non-SR"
"yqiA","out","Non-TR","Non-SR"
"chbC","out","Non-TR","Non-SR"
"cydD","out","Non-TR","Non-SR"
"sgrS","out","Non-TR","Non-SR"
"fucI","out","Non-TR","Non-SR"
"ArsR","out","TR","SR"
"fadI","out","Non-TR","Non-SR"
"mscL","out","Non-TR","Non-SR"
"gspG","out","Non-TR","Non-SR"
"ccmA","out","Non-TR","Non-SR"
"puuA","out","Non-TR","Non-SR"
"umpG","out","Non-TR","Non-SR"
"mtlR","out","Non-TR","Non-SR"
"ccmC","out","Non-TR","Non-SR"
"fic","out","Non-TR","Non-SR"
"plsB","out","Non-TR","Non-SR"
"ppx","out","Non-TR","Non-SR"
"yjbH","out","Non-TR","Non-SR"
"esrE","out","Non-TR","Non-SR"
"moaC","out","Non-TR","Non-SR"
"yjbE","out","Non-TR","Non-SR"
"nuoE","out","Non-TR","Non-SR"
"panB","out","Non-TR","Non-SR"
"yliM","out","Non-TR","Non-SR"
"citC","out","Non-TR","Non-SR"
"lsrA","out","Non-TR","Non-SR"
"acnB","out","Non-TR","Non-SR"
"gfcA","out","Non-TR","Non-SR"
"ytfR","out","Non-TR","Non-SR"
"ygeH","out","Non-TR","Non-SR"
"tfaQ","out","Non-TR","Non-SR"
"rpmC","out","Non-TR","Non-SR"
"rutC","out","Non-TR","Non-SR"
"rydC","out","Non-TR","Non-SR"
"holC","out","Non-TR","Non-SR"
"ileT","out","Non-TR","Non-SR"
"aceE","out","Non-TR","Non-SR"
"entC","out","Non-TR","Non-SR"
"metZ","out","Non-TR","Non-SR"
"nrdA","out","Non-TR","Non-SR"
"yidQ","out","Non-TR","Non-SR"
"ssnA","out","Non-TR","Non-SR"
"clsC","out","Non-TR","Non-SR"
"glyY","out","Non-TR","Non-SR"
"araH","out","Non-TR","Non-SR"
"yfcZ","out","Non-TR","Non-SR"
"recQ","out","Non-TR","Non-SR"
"kdsA","out","Non-TR","Non-SR"
"mpaA","out","Non-TR","Non-SR"
"ttdB","out","Non-TR","Non-SR"
"tdcF","out","Non-TR","Non-SR"
"pcnB","out","Non-TR","Non-SR"
"creC","out","Non-TR","Non-SR"
"melA","out","Non-TR","Non-SR"
"selC","out","Non-TR","Non-SR"
"yhbW","out","Non-TR","Non-SR"
"epd","out","Non-TR","Non-SR"
"erpA","out","Non-TR","Non-SR"
"fadL","out","Non-TR","Non-SR"
"yqaE","out","Non-TR","Non-SR"
"intS","out","Non-TR","Non-SR"
"aceA","out","Non-TR","Non-SR"
"rplB","out","Non-TR","Non-SR"
"rfbC","out","Non-TR","Non-SR"
"ttdA","out","Non-TR","Non-SR"
"nudC","out","Non-TR","Non-SR"
"nlpE","out","Non-TR","Non-SR"
"narJ","out","Non-TR","Non-SR"
"yfbL","out","Non-TR","Non-SR"
"bioD","out","Non-TR","Non-SR"
"norV","out","Non-TR","Non-SR"
"nanY","out","Non-TR","Non-SR"
"hlyE","out","Non-TR","Non-SR"
"pabC","out","Non-TR","Non-SR"
"speB","out","Non-TR","Non-SR"
"cstA","out","Non-TR","Non-SR"
"rlmM","out","Non-TR","Non-SR"
"rpsR","out","Non-TR","Non-SR"
"uxaB","out","Non-TR","Non-SR"
"patD","out","Non-TR","Non-SR"
"htpG","out","Non-TR","Non-SR"
"yihU","out","Non-TR","Non-SR"
"PuuR","out","TR","SR"
"fecD","out","Non-TR","Non-SR"
"micC","out","Non-TR","Non-SR"
"yohO","out","Non-TR","Non-SR"
"sroH","out","Non-TR","Non-SR"
"sgcB","out","Non-TR","Non-SR"
"csrC","out","Non-TR","Non-SR"
"agaD","out","Non-TR","Non-SR"
"yrbL","out","Non-TR","Non-SR"
"cpxA","out","Non-TR","Non-SR"
"FhlA","out","TR","SR"
"yqhG","out","Non-TR","Non-SR"
"fepA","out","Non-TR","Non-SR"
"artQ","out","Non-TR","Non-SR"
"hisH","out","Non-TR","Non-SR"
"marB","out","Non-TR","Non-SR"
"ftsW","out","Non-TR","Non-SR"
"nadB","out","Non-TR","Non-SR"
"hiuH","out","Non-TR","Non-SR"
"bfr","out","Non-TR","Non-SR"
"yicH","out","Non-TR","Non-SR"
"ycgB","out","Non-TR","Non-SR"
"ptsG","out","Non-TR","Non-SR"
"cmtB","out","Non-TR","Non-SR"
"gdhA","out","Non-TR","Non-SR"
"pepT","out","Non-TR","Non-SR"
"ydcY","out","Non-TR","Non-SR"
"rplW","out","Non-TR","Non-SR"
"ydcO","out","Non-TR","Non-SR"
"AsnC","out","TR","SR"
"dcuD","out","Non-TR","Non-SR"
"fadB","out","Non-TR","Non-SR"
"aroM","out","Non-TR","Non-SR"
"tpiA","out","Non-TR","Non-SR"
"mdtD","out","Non-TR","Non-SR"
"argB","out","Non-TR","Non-SR"
"yhbO","out","Non-TR","Non-SR"
"chiX","out","Non-TR","Non-SR"
"nrdD","out","Non-TR","Non-SR"
"ybeD","out","Non-TR","Non-SR"
"clpX","out","Non-TR","Non-SR"
"ynfH","out","Non-TR","Non-SR"
"ampC","out","Non-TR","Non-SR"
"mscS","out","Non-TR","Non-SR"
"hcp","out","Non-TR","Non-SR"
"omrA","out","Non-TR","Non-SR"
"mbiA","out","Non-TR","Non-SR"
"trpC","out","Non-TR","Non-SR"
"yqhD","out","Non-TR","Non-SR"
"CysB","out","TR","SR"
"PlaR","out","TR","Non-SR"
"ilvD","out","Non-TR","Non-SR"
"ynjF","out","Non-TR","Non-SR"
"ymgA","out","Non-TR","Non-SR"
"paaK","out","Non-TR","Non-SR"
"fimA","out","Non-TR","Non-SR"
"hyfF","out","Non-TR","Non-SR"
"yaiA","out","Non-TR","Non-SR"
"yiaA","out","Non-TR","Non-SR"
"recR","out","Non-TR","Non-SR"
"napG","out","Non-TR","Non-SR"
"aaeX","out","Non-TR","Non-SR"
"cusF","out","Non-TR","Non-SR"
"eamA","out","Non-TR","Non-SR"
"IlvY","out","TR","SR"
"pssA","out","Non-TR","Non-SR"
"msrB","out","Non-TR","Non-SR"
"alaA","out","Non-TR","Non-SR"
"pykF","out","Non-TR","Non-SR"
"ispD","out","Non-TR","Non-SR"
"gltL","out","Non-TR","Non-SR"
"apaH","out","Non-TR","Non-SR"
"ubiG","out","Non-TR","Non-SR"
"lepB","out","Non-TR","Non-SR"
"caiA","out","Non-TR","Non-SR"
"gspO","out","Non-TR","Non-SR"
"ytfK","out","Non-TR","Non-SR"
"sucD","out","Non-TR","Non-SR"
"cpxQ","out","Non-TR","Non-SR"
"talA","out","Non-TR","Non-SR"
"moeB","out","Non-TR","Non-SR"
"frdB","out","Non-TR","Non-SR"
"fepB","out","Non-TR","Non-SR"
"nuoA","out","Non-TR","Non-SR"
"msbA","out","Non-TR","Non-SR"
"pyrI","out","Non-TR","Non-SR"
"pheM","out","Non-TR","Non-SR"
"eutH","out","Non-TR","Non-SR"
"fbaB","out","Non-TR","Non-SR"
"hyfC","out","Non-TR","Non-SR"
"tyrP","out","Non-TR","Non-SR"
"NikR","out","TR","SR"
"lysW","out","Non-TR","Non-SR"
"murC","out","Non-TR","Non-SR"
"sthA","out","Non-TR","Non-SR"
"rrlD","out","Non-TR","Non-SR"
"ymjD","out","Non-TR","Non-SR"
"metQ","out","Non-TR","Non-SR"
"gadF","out","Non-TR","Non-SR"
"recC","out","Non-TR","Non-SR"
"setA","out","Non-TR","Non-SR"
"hisL","out","Non-TR","Non-SR"
"pldA","out","Non-TR","Non-SR"
"cvpA","out","Non-TR","Non-SR"
"glpE","out","Non-TR","Non-SR"
"rnhB","out","Non-TR","Non-SR"
"yhhZ","out","Non-TR","Non-SR"
"degQ","out","Non-TR","Non-SR"
"gcd","out","Non-TR","Non-SR"
"gadY","out","Non-TR","Non-SR"
"rhtA","out","Non-TR","Non-SR"
"ogt","out","Non-TR","Non-SR"
"pspB","out","Non-TR","Non-SR"
"radD","out","Non-TR","Non-SR"
"hemW","out","Non-TR","Non-SR"
"MetR","out","TR","SR"
"hcaE","out","Non-TR","Non-SR"
"ybeR","out","Non-TR","Non-SR"
"moeA","out","Non-TR","Non-SR"
"damX","out","Non-TR","Non-SR"
"ybaL","out","Non-TR","Non-SR"
"atoB","out","Non-TR","Non-SR"
"rcdB","out","Non-TR","Non-SR"
"dsbC","out","Non-TR","Non-SR"
"ygiM","out","Non-TR","Non-SR"
"dadA","out","Non-TR","Non-SR"
"trmD","out","Non-TR","Non-SR"
"truB","out","Non-TR","Non-SR"
"flgF","out","Non-TR","Non-SR"
"rbfA","out","Non-TR","Non-SR"
"frlC","out","Non-TR","Non-SR"
"stfQ","out","Non-TR","Non-SR"
"yqiI","out","Non-TR","Non-SR"
"yhfG","out","Non-TR","Non-SR"
"metA","out","Non-TR","Non-SR"
"Ada","out","TR","SR"
"HigBA","out","TR","Non-SR"
"wecH","out","Non-TR","Non-SR"
"nanQ","out","Non-TR","Non-SR"
"parE","out","Non-TR","Non-SR"
"hisF","out","Non-TR","Non-SR"
"fucU","out","Non-TR","Non-SR"
"rrfG","out","Non-TR","Non-SR"
"rsmA","out","Non-TR","Non-SR"
"dusB","out","Non-TR","Non-SR"
"modA","out","Non-TR","Non-SR"
"ycfJ","out","Non-TR","Non-SR"
"aroA","out","Non-TR","Non-SR"
"MazE-MazF","out","TR","Non-SR"
"phnP","out","Non-TR","Non-SR"
"qseC","out","Non-TR","Non-SR"
"yfcP","out","Non-TR","Non-SR"
"fdhD","out","Non-TR","Non-SR"
"paaC","out","Non-TR","Non-SR"
"rrsB","out","Non-TR","Non-SR"
"yadC","out","Non-TR","Non-SR"
"GutM","out","TR","SR"
"rlmE","out","Non-TR","Non-SR"
"ftsH","out","Non-TR","Non-SR"
"sgcX","out","Non-TR","Non-SR"
"arsC","out","Non-TR","Non-SR"
"motA","out","Non-TR","Non-SR"
"csrA","out","Non-TR","Non-SR"
"gatZ","out","Non-TR","Non-SR"
"hflK","out","Non-TR","Non-SR"
"otsB","out","Non-TR","Non-SR"
"cnoX","out","Non-TR","Non-SR"
"acrB","out","Non-TR","Non-SR"
"fliX","out","Non-TR","Non-SR"
"ymdB","out","Non-TR","Non-SR"
"dedA","out","Non-TR","Non-SR"
"ilvL","out","Non-TR","Non-SR"
"lysU","out","Non-TR","Non-SR"
"ydiO","out","Non-TR","Non-SR"
"narQ","out","Non-TR","Non-SR"
"murD","out","Non-TR","Non-SR"
"umpH","out","Non-TR","Non-SR"
"fixB","out","Non-TR","Non-SR"
"uspD","out","Non-TR","Non-SR"
"def","out","Non-TR","Non-SR"
"ldtD","out","Non-TR","Non-SR"
"yiiS","out","Non-TR","Non-SR"
"ynbC","out","Non-TR","Non-SR"
"fimF","out","Non-TR","Non-SR"
"exuT","out","Non-TR","Non-SR"
"atpC","out","Non-TR","Non-SR"
"UxuR","out","TR","SR"
"fimC","out","Non-TR","Non-SR"
"hemF","out","Non-TR","Non-SR"
"aroP","out","Non-TR","Non-SR"
"acpP","out","Non-TR","Non-SR"
"lgoD","out","Non-TR","Non-SR"
"tap","out","Non-TR","Non-SR"
"MarA","out","TR","Non-SR"
"flgL","out","Non-TR","Non-SR"
"tnaA","out","Non-TR","Non-SR"
"rpsL","out","Non-TR","Non-SR"
"acrF","out","Non-TR","Non-SR"
"grxD","out","Non-TR","Non-SR"
"fdx","out","Non-TR","Non-SR"
"iraP","out","Non-TR","Non-SR"
"ycaN","out","Non-TR","Non-SR"
"ryfD","out","Non-TR","Non-SR"
"hycC","out","Non-TR","Non-SR"
"yjhG","out","Non-TR","Non-SR"
"rimM","out","Non-TR","Non-SR"
"waaA","out","Non-TR","Non-SR"
"hyaE","out","Non-TR","Non-SR"
"raiA","out","Non-TR","Non-SR"
"araA","out","Non-TR","Non-SR"
"tomB","out","Non-TR","Non-SR"
"cysI","out","Non-TR","Non-SR"
"eco","out","Non-TR","Non-SR"
"bluF","out","Non-TR","Non-SR"
"tnaB","out","Non-TR","Non-SR"
"fhuB","out","Non-TR","Non-SR"
"cysH","out","Non-TR","Non-SR"
"ampD","out","Non-TR","Non-SR"
"add","out","Non-TR","Non-SR"
"yrfG","out","Non-TR","Non-SR"
"CecR","out","TR","Non-SR"
"yeeZ","out","Non-TR","Non-SR"
"hyfJ","out","Non-TR","Non-SR"
"wecC","out","Non-TR","Non-SR"
"metU","out","Non-TR","Non-SR"
"tatB","out","Non-TR","Non-SR"
"rffG","out","Non-TR","Non-SR"
"AscG","out","TR","SR"
"bsmA","out","Non-TR","Non-SR"
"mtfA","out","Non-TR","Non-SR"
"nanA","out","Non-TR","Non-SR"
"amtB","out","Non-TR","Non-SR"
"ftsA","out","Non-TR","Non-SR"
"ccmB","out","Non-TR","Non-SR"
"yhiD","out","Non-TR","Non-SR"
"atpD","out","Non-TR","Non-SR"
"nanE","out","Non-TR","Non-SR"
"infA","out","Non-TR","Non-SR"
"yhhA","out","Non-TR","Non-SR"
"ydcS","out","Non-TR","Non-SR"
"ybiB","out","Non-TR","Non-SR"
"hisP","out","Non-TR","Non-SR"
"hyaB","out","Non-TR","Non-SR"
"hycA","out","Non-TR","Non-SR"
"ygiW","out","Non-TR","Non-SR"
"bamA","out","Non-TR","Non-SR"
"artP","out","Non-TR","Non-SR"
"yaeP","out","Non-TR","Non-SR"
"gcvH","out","Non-TR","Non-SR"
"argO","out","Non-TR","Non-SR"
"napF","out","Non-TR","Non-SR"
"katG","out","Non-TR","Non-SR"
"yidL","out","Non-TR","Non-SR"
"uidB","out","Non-TR","Non-SR"
"glyT","out","Non-TR","Non-SR"
"ymiA","out","Non-TR","Non-SR"
"rpmG","out","Non-TR","Non-SR"
"mhpT","out","Non-TR","Non-SR"
"ispE","out","Non-TR","Non-SR"
"ahpC","out","Non-TR","Non-SR"
"dhaK","out","Non-TR","Non-SR"
"allE","out","Non-TR","Non-SR"
"fadM","out","Non-TR","Non-SR"
"gltF","out","Non-TR","Non-SR"
"flgK","out","Non-TR","Non-SR"
"fliM","out","Non-TR","Non-SR"
"gltP","out","Non-TR","Non-SR"
"rpmD","out","Non-TR","Non-SR"
"yiiE","out","Non-TR","Non-SR"
"agaI","out","Non-TR","Non-SR"
"malS","out","Non-TR","Non-SR"
"cspC","out","Non-TR","Non-SR"
"nrdG","out","Non-TR","Non-SR"
"fabZ","out","Non-TR","Non-SR"
"glcF","out","Non-TR","Non-SR"
"nupC","out","Non-TR","Non-SR"
"yqeB","out","Non-TR","Non-SR"
"mlaF","out","Non-TR","Non-SR"
"arcZ","out","Non-TR","Non-SR"
"rybB","out","Non-TR","Non-SR"
"rpsQ","out","Non-TR","Non-SR"
"rnlA","out","Non-TR","Non-SR"
"dnaK","out","Non-TR","Non-SR"
"dps","out","Non-TR","Non-SR"
"pdeF","out","Non-TR","Non-SR"
"yafC","out","Non-TR","Non-SR"
"leuE","out","Non-TR","Non-SR"
"yafO","out","Non-TR","Non-SR"
"prmA","out","Non-TR","Non-SR"
"atoD","out","Non-TR","Non-SR"
"adiC","out","Non-TR","Non-SR"
"AgaR","out","TR","SR"
"csgG","out","Non-TR","Non-SR"
"fhuF","out","Non-TR","Non-SR"
"LsrR","out","TR","Non-SR"
"melB","out","Non-TR","Non-SR"
"XapR","out","TR","SR"
"narG","out","Non-TR","Non-SR"
"MraZ","out","TR","Non-SR"
"sbcD","out","Non-TR","Non-SR"
"CadC","out","TR","SR"
"allB","out","Non-TR","Non-SR"
"yicI","out","Non-TR","Non-SR"
"frsA","out","Non-TR","Non-SR"
"yqiB","out","Non-TR","Non-SR"
"degP","out","Non-TR","Non-SR"
"dauA","out","Non-TR","Non-SR"
"tatA","out","Non-TR","Non-SR"
"gluQ","out","Non-TR","Non-SR"
"ybdF","out","Non-TR","Non-SR"
"gph","out","Non-TR","Non-SR"
"ytjB","out","Non-TR","Non-SR"
"fabD","out","Non-TR","Non-SR"
"yhhQ","out","Non-TR","Non-SR"
"kdpB","out","Non-TR","Non-SR"
"eutD","out","Non-TR","Non-SR"
"hflD","out","Non-TR","Non-SR"
"hisC","out","Non-TR","Non-SR"
"astB","out","Non-TR","Non-SR"
"MhpR","out","TR","SR"
"gpmM","out","Non-TR","Non-SR"
"tam","out","Non-TR","Non-SR"
"bioA","out","Non-TR","Non-SR"
"srlE","out","Non-TR","Non-SR"
"bidA","out","Non-TR","Non-SR"
"speA","out","Non-TR","Non-SR"
"KdgR","out","TR","Non-SR"
"bcsF","out","Non-TR","Non-SR"
"yhaB","out","Non-TR","Non-SR"
"yjbG","out","Non-TR","Non-SR"
"galK","out","Non-TR","Non-SR"
"pheV","out","Non-TR","Non-SR"
"ydfZ","out","Non-TR","Non-SR"
"map","out","Non-TR","Non-SR"
"rpsD","out","Non-TR","Non-SR"
"fklB","out","Non-TR","Non-SR"
"fhuD","out","Non-TR","Non-SR"
"ydeI","out","Non-TR","Non-SR"
"sra","out","Non-TR","Non-SR"
"lysO","out","Non-TR","Non-SR"
"hisJ","out","Non-TR","Non-SR"
"ptsN","out","Non-TR","Non-SR"
"bisC","out","Non-TR","Non-SR"
"yigL","out","Non-TR","Non-SR"
"zraS","out","Non-TR","Non-SR"
"idnO","out","Non-TR","Non-SR"
"yciH","out","Non-TR","Non-SR"
"infC","out","Non-TR","Non-SR"
"thiC","out","Non-TR","Non-SR"
"rrlH","out","Non-TR","Non-SR"
"DpiA","out","TR","SR"
"yhbS","out","Non-TR","Non-SR"
"arfA","out","Non-TR","Non-SR"
"pabB","out","Non-TR","Non-SR"
"recB","out","Non-TR","Non-SR"
"mdtJ","out","Non-TR","Non-SR"
"pspG","out","Non-TR","Non-SR"
"curA","out","Non-TR","Non-SR"
"sdsN","out","Non-TR","Non-SR"
"yoaA","out","Non-TR","Non-SR"
"entB","out","Non-TR","Non-SR"
"ftsI","out","Non-TR","Non-SR"
"amyA","out","Non-TR","Non-SR"
"xapB","out","Non-TR","Non-SR"
"galP","out","Non-TR","Non-SR"
"clpA","out","Non-TR","Non-SR"
"crr","out","Non-TR","Non-SR"
"gspF","out","Non-TR","Non-SR"
"iraD","out","Non-TR","Non-SR"
"paaB","out","Non-TR","Non-SR"
"speC","out","Non-TR","Non-SR"
"fabF","out","Non-TR","Non-SR"
"hcr","out","Non-TR","Non-SR"
"rseA","out","Non-TR","Non-SR"
"argS","out","Non-TR","Non-SR"
"cobS","out","Non-TR","Non-SR"
"glgC","out","Non-TR","Non-SR"
"fliP","out","Non-TR","Non-SR"
"ydfB","out","Non-TR","Non-SR"
"serB","out","Non-TR","Non-SR"
"yggP","out","Non-TR","Non-SR"
"ychQ","out","Non-TR","Non-SR"
"rbsB","out","Non-TR","Non-SR"
"yhdX","out","Non-TR","Non-SR"
"yiiF","out","Non-TR","Non-SR"
"bssS","out","Non-TR","Non-SR"
"yejB","out","Non-TR","Non-SR"
"btuD","out","Non-TR","Non-SR"
"hypF","out","Non-TR","Non-SR"
"phoR","out","Non-TR","Non-SR"
"dsdX","out","Non-TR","Non-SR"
"yjcS","out","Non-TR","Non-SR"
"glyA","out","Non-TR","Non-SR"
"pth","out","Non-TR","Non-SR"
"tsr","out","Non-TR","Non-SR"
"tdcD","out","Non-TR","Non-SR"
"tolC","out","Non-TR","Non-SR"
"glnW","out","Non-TR","Non-SR"
"yghT","out","Non-TR","Non-SR"
"xseB","out","Non-TR","Non-SR"
"ascF","out","Non-TR","Non-SR"
"tyrV","out","Non-TR","Non-SR"
"sdaC","out","Non-TR","Non-SR"
"asr","out","Non-TR","Non-SR"
"CdaR","out","TR","Non-SR"
"ppk","out","Non-TR","Non-SR"
"insD5","out","Non-TR","Non-SR"
"rplM","out","Non-TR","Non-SR"
"yhjE","out","Non-TR","Non-SR"
"flu","out","Non-TR","Non-SR"
"ycaK","out","Non-TR","Non-SR"
"YciT","out","TR","Non-SR"
"yecD","out","Non-TR","Non-SR"
"ccmE","out","Non-TR","Non-SR"
"yacL","out","Non-TR","Non-SR"
"ohsC","out","Non-TR","Non-SR"
"nuoB","out","Non-TR","Non-SR"
"ChbR","out","TR","SR"
"3'ETS-leuZ","out","Non-TR","Non-SR"
"gyrB","out","Non-TR","Non-SR"
"ybiY","out","Non-TR","Non-SR"
"yajG","out","Non-TR","Non-SR"
"yhjG","out","Non-TR","Non-SR"
"chiZ","out","Non-TR","Non-SR"
"yebC","out","Non-TR","Non-SR"
"fliH","out","Non-TR","Non-SR"
"nlpA","out","Non-TR","Non-SR"
"dppC","out","Non-TR","Non-SR"
"ybgC","out","Non-TR","Non-SR"
"gudD","out","Non-TR","Non-SR"
"garP","out","Non-TR","Non-SR"
"alsC","out","Non-TR","Non-SR"
"mioC","out","Non-TR","Non-SR"
"yigB","out","Non-TR","Non-SR"
"cobT","out","Non-TR","Non-SR"
"yhhW","out","Non-TR","Non-SR"
"nanC","out","Non-TR","Non-SR"
"yraQ","out","Non-TR","Non-SR"
"yiaG","out","Non-TR","Non-SR"
"frdC","out","Non-TR","Non-SR"
"sufA","out","Non-TR","Non-SR"
"tar","out","Non-TR","Non-SR"
"viaA","out","Non-TR","Non-SR"
"PspF","out","TR","Non-SR"
"wzzE","out","Non-TR","Non-SR"
"gudP","out","Non-TR","Non-SR"
"yihI","out","Non-TR","Non-SR"
"pitA","out","Non-TR","Non-SR"
"frr","out","Non-TR","Non-SR"
"hybE","out","Non-TR","Non-SR"
"fucK","out","Non-TR","Non-SR"
"treC","out","Non-TR","Non-SR"
"dcuS","out","Non-TR","Non-SR"
"argK","out","Non-TR","Non-SR"
"cedA","out","Non-TR","Non-SR"
"pepP","out","Non-TR","Non-SR"
"zipA","out","Non-TR","Non-SR"
"queF","out","Non-TR","Non-SR"
"ybdR","out","Non-TR","Non-SR"
"ubiH","out","Non-TR","Non-SR"
"hokD","out","Non-TR","Non-SR"
"fdnI","out","Non-TR","Non-SR"
"cspI","out","Non-TR","Non-SR"
"ruvC","out","Non-TR","Non-SR"
"argC","out","Non-TR","Non-SR"
"RbsR","out","TR","SR"
"glnA","out","Non-TR","Non-SR"
"rpsM","out","Non-TR","Non-SR"
"aroF","out","Non-TR","Non-SR"
"lsrC","out","Non-TR","Non-SR"
"hisS","out","Non-TR","Non-SR"
"gcvP","out","Non-TR","Non-SR"
"ycgX","out","Non-TR","Non-SR"
"rpiB","out","Non-TR","Non-SR"
"cysE","out","Non-TR","Non-SR"
"cysK","out","Non-TR","Non-SR"
"hyi","out","Non-TR","Non-SR"
"fldA","out","Non-TR","Non-SR"
"sucB","out","Non-TR","Non-SR"
"rplN","out","Non-TR","Non-SR"
"gltU","out","Non-TR","Non-SR"
"ybiX","out","Non-TR","Non-SR"
"gltK","out","Non-TR","Non-SR"
"rnc","out","Non-TR","Non-SR"
"ygiB","out","Non-TR","Non-SR"
"mdtE","out","Non-TR","Non-SR"
"rmf","out","Non-TR","Non-SR"
"aldA","out","Non-TR","Non-SR"
"dhaM","out","Non-TR","Non-SR"
"valV","out","Non-TR","Non-SR"
"gspJ","out","Non-TR","Non-SR"
"ycdZ","out","Non-TR","Non-SR"
"malM","out","Non-TR","Non-SR"
"rfaD","out","Non-TR","Non-SR"
"menA","out","Non-TR","Non-SR"
"yaeQ","out","Non-TR","Non-SR"
"yaiZ","out","Non-TR","Non-SR"
"sdhB","out","Non-TR","Non-SR"
"waaH","out","Non-TR","Non-SR"
"RhaS","out","TR","SR"
"yecT","out","Non-TR","Non-SR"
"nanM","out","Non-TR","Non-SR"
"uvrB","out","Non-TR","Non-SR"
"narS","out","Non-TR","Non-SR"
"rdcB","out","Non-TR","Non-SR"
"fusA","out","Non-TR","Non-SR"
"ybiO","out","Non-TR","Non-SR"
"prs","out","Non-TR","Non-SR"
"nohA","out","Non-TR","Non-SR"
"mtlD","out","Non-TR","Non-SR"
"ynaK","out","Non-TR","Non-SR"
"gspB","out","Non-TR","Non-SR"
"rapZ","out","Non-TR","Non-SR"
"kduI","out","Non-TR","Non-SR"
"accC","out","Non-TR","Non-SR"
"ilvI","out","Non-TR","Non-SR"
"yccJ","out","Non-TR","Non-SR"
"rrlA","out","Non-TR","Non-SR"
"dicC","out","Non-TR","Non-SR"
"metH","out","Non-TR","Non-SR"
"agaB","out","Non-TR","Non-SR"
"yhbX","out","Non-TR","Non-SR"
"glgA","out","Non-TR","Non-SR"
"ynjH","out","Non-TR","Non-SR"
"mazG","out","Non-TR","Non-SR"
"DsdC","out","TR","SR"
"ulaC","out","Non-TR","Non-SR"
"eptA","out","Non-TR","Non-SR"
"ycgR","out","Non-TR","Non-SR"
"fumA","out","Non-TR","Non-SR"
"hmp","out","Non-TR","Non-SR"
"yfaE","out","Non-TR","Non-SR"
"priB","out","Non-TR","Non-SR"
"puuB","out","Non-TR","Non-SR"
"rnb","out","Non-TR","Non-SR"
"rrsA","out","Non-TR","Non-SR"
"ompW","out","Non-TR","Non-SR"
"feoA","out","Non-TR","Non-SR"
"cfa","out","Non-TR","Non-SR"
"thiP","out","Non-TR","Non-SR"
"rrsH","out","Non-TR","Non-SR"
"yhcN","out","Non-TR","Non-SR"
"yicJ","out","Non-TR","Non-SR"
"serS","out","Non-TR","Non-SR"
"mscK","out","Non-TR","Non-SR"
"ilvH","out","Non-TR","Non-SR"
"ygeA","out","Non-TR","Non-SR"
"malQ","out","Non-TR","Non-SR"
"fkpA","out","Non-TR","Non-SR"
"yjfF","out","Non-TR","Non-SR"
"torA","out","Non-TR","Non-SR"
"phnK","out","Non-TR","Non-SR"
"sspA","out","Non-TR","Non-SR"
"lapC","out","Non-TR","Non-SR"
"glnH","out","Non-TR","Non-SR"
"ykfI","out","Non-TR","Non-SR"
"dam","out","Non-TR","Non-SR"
"insH3","out","Non-TR","Non-SR"
"ydeM","out","Non-TR","Non-SR"
"lapA","out","Non-TR","Non-SR"
"accD","out","Non-TR","Non-SR"
"ycgZ","out","Non-TR","Non-SR"
"argU","out","Non-TR","Non-SR"
"rsmH","out","Non-TR","Non-SR"
"gspD","out","Non-TR","Non-SR"
"paaJ","out","Non-TR","Non-SR"
"yebG","out","Non-TR","Non-SR"
"ppiA","out","Non-TR","Non-SR"
"chbA","out","Non-TR","Non-SR"
"blr","out","Non-TR","Non-SR"
"pdeC","out","Non-TR","Non-SR"
"ryeA","out","Non-TR","Non-SR"
"mukE","out","Non-TR","Non-SR"
"yibQ","out","Non-TR","Non-SR"
"bhsA","out","Non-TR","Non-SR"
"pnp","out","Non-TR","Non-SR"
"ppc","out","Non-TR","Non-SR"
"sodB","out","Non-TR","Non-SR"
"folA","out","Non-TR","Non-SR"
"rpsC","out","Non-TR","Non-SR"
"pheU","out","Non-TR","Non-SR"
"yehL","out","Non-TR","Non-SR"
"cspE","out","Non-TR","Non-SR"
"ygaV","out","Non-TR","Non-SR"
"yobF","out","Non-TR","Non-SR"
"rutG","out","Non-TR","Non-SR"
"pgl","out","Non-TR","Non-SR"
"PdeL","out","TR","SR"
"mglB","out","Non-TR","Non-SR"
"proL","out","Non-TR","Non-SR"
"carB","out","Non-TR","Non-SR"
"ydcL","out","Non-TR","Non-SR"
"ybiJ","out","Non-TR","Non-SR"
"ubiC","out","Non-TR","Non-SR"
"TrpR","out","TR","SR"
"cycA","out","Non-TR","Non-SR"
"topA","out","Non-TR","Non-SR"
"yqeF","out","Non-TR","Non-SR"
"hycI","out","Non-TR","Non-SR"
"lptA","out","Non-TR","Non-SR"
"apaG","out","Non-TR","Non-SR"
"ssuA","out","Non-TR","Non-SR"
"yhaI","out","Non-TR","Non-SR"
"gadB","out","Non-TR","Non-SR"
"aspA","out","Non-TR","Non-SR"
"cyaR","out","Non-TR","Non-SR"
"nusA","out","Non-TR","Non-SR"
"fabH","out","Non-TR","Non-SR"
"malE","out","Non-TR","Non-SR"
"serU","out","Non-TR","Non-SR"
"dgoA","out","Non-TR","Non-SR"
"paaH","out","Non-TR","Non-SR"
"maoP","out","Non-TR","Non-SR"
"zitB","out","Non-TR","Non-SR"
"rsmF","out","Non-TR","Non-SR"
"abpA","out","Non-TR","Non-SR"
"srkA","out","Non-TR","Non-SR"
"rseB","out","Non-TR","Non-SR"
"murF","out","Non-TR","Non-SR"
"argD","out","Non-TR","Non-SR"
"acpS","out","Non-TR","Non-SR"
"yeaD","out","Non-TR","Non-SR"
"pstB","out","Non-TR","Non-SR"
"argW","out","Non-TR","Non-SR"
"fdhF","out","Non-TR","Non-SR"
"elaB","out","Non-TR","Non-SR"
"ybfC","out","Non-TR","Non-SR"
"glrK","out","Non-TR","Non-SR"
"yjjZ","out","Non-TR","Non-SR"
"ybdL","out","Non-TR","Non-SR"
"fadD","out","Non-TR","Non-SR"
"yffS","out","Non-TR","Non-SR"
"cdd","out","Non-TR","Non-SR"
"YeiE","out","TR","Non-SR"
"NemR","out","TR","SR"
"yadV","out","Non-TR","Non-SR"
"gntK","out","Non-TR","Non-SR"
"yneK","out","Non-TR","Non-SR"
"entS","out","Non-TR","Non-SR"
"tolB","out","Non-TR","Non-SR"
"cbpA","out","Non-TR","Non-SR"
"dmsA","out","Non-TR","Non-SR"
"mdtG","out","Non-TR","Non-SR"
"cheA","out","Non-TR","Non-SR"
"rrfA","out","Non-TR","Non-SR"
"yagU","out","Non-TR","Non-SR"
"hxpB","out","Non-TR","Non-SR"
"thiL","out","Non-TR","Non-SR"
"ecnA","out","Non-TR","Non-SR"
"glmU","out","Non-TR","Non-SR"
"mlaC","out","Non-TR","Non-SR"
"ssrA","out","Non-TR","Non-SR"
"paaE","out","Non-TR","Non-SR"
"tyrT","out","Non-TR","Non-SR"
"sucA","out","Non-TR","Non-SR"
"tufB","out","Non-TR","Non-SR"
"rrlC","out","Non-TR","Non-SR"
"trxC","out","Non-TR","Non-SR"
"pyrC","out","Non-TR","Non-SR"
"sgcE","out","Non-TR","Non-SR"
"cbpM","out","Non-TR","Non-SR"
"rrsG","out","Non-TR","Non-SR"
"focB","out","Non-TR","Non-SR"
"xseA","out","Non-TR","Non-SR"
"narW","out","Non-TR","Non-SR"
"yjiC","out","Non-TR","Non-SR"
"nfrB","out","Non-TR","Non-SR"
"fabG","out","Non-TR","Non-SR"
"gspL","out","Non-TR","Non-SR"
"glpT","out","Non-TR","Non-SR"
"hemB","out","Non-TR","Non-SR"
"AppY","out","TR","Non-SR"
"fixC","out","Non-TR","Non-SR"
"betT","out","Non-TR","Non-SR"
"fkpB","out","Non-TR","Non-SR"
"lamB","out","Non-TR","Non-SR"
"mhpE","out","Non-TR","Non-SR"
"glk","out","Non-TR","Non-SR"
"ddlB","out","Non-TR","Non-SR"
"pitB","out","Non-TR","Non-SR"
"groL","out","Non-TR","Non-SR"
"fliJ","out","Non-TR","Non-SR"
"caiD","out","Non-TR","Non-SR"
"purN","out","Non-TR","Non-SR"
"btuF","out","Non-TR","Non-SR"
"IclR","out","TR","SR"
"fixX","out","Non-TR","Non-SR"
"pgk","out","Non-TR","Non-SR"
"chpS","out","Non-TR","Non-SR"
"pyrH","out","Non-TR","Non-SR"
"tufA","out","Non-TR","Non-SR"
"yjfZ","out","Non-TR","Non-SR"
"coaD","out","Non-TR","Non-SR"
"thiB","out","Non-TR","Non-SR"
"YdcI","out","TR","Non-SR"
"mcrB","out","Non-TR","Non-SR"
"fliG","out","Non-TR","Non-SR"
"uxuA","out","Non-TR","Non-SR"
"nrfD","out","Non-TR","Non-SR"
"secG","out","Non-TR","Non-SR"
"ulaE","out","Non-TR","Non-SR"
"ccmD","out","Non-TR","Non-SR"
"yobB","out","Non-TR","Non-SR"
"fliF","out","Non-TR","Non-SR"
"ypfN","out","Non-TR","Non-SR"
"yfiL","out","Non-TR","Non-SR"
"dtpA","out","Non-TR","Non-SR"
"idnT","out","Non-TR","Non-SR"
"yajO","out","Non-TR","Non-SR"
"mreC","out","Non-TR","Non-SR"
"xdhA","out","Non-TR","Non-SR"
"glpG","out","Non-TR","Non-SR"
"gltX","out","Non-TR","Non-SR"
"dnaN","out","Non-TR","Non-SR"
"fiu","out","Non-TR","Non-SR"
"panD","out","Non-TR","Non-SR"
"rplT","out","Non-TR","Non-SR"
"gnd","out","Non-TR","Non-SR"
"lysA","out","Non-TR","Non-SR"
"lpp","out","Non-TR","Non-SR"
"yihV","out","Non-TR","Non-SR"
"hcaD","out","Non-TR","Non-SR"
"yniB","out","Non-TR","Non-SR"
"yafE","out","Non-TR","Non-SR"
"amiA","out","Non-TR","Non-SR"
"ydeP","out","Non-TR","Non-SR"
"lipB","out","Non-TR","Non-SR"
"entA","out","Non-TR","Non-SR"
"uvrD","out","Non-TR","Non-SR"
"yacC","out","Non-TR","Non-SR"
"mcbA","out","Non-TR","Non-SR"
"ydcK","out","Non-TR","Non-SR"
"argA","out","Non-TR","Non-SR"
"arrS","out","Non-TR","Non-SR"
"wecE","out","Non-TR","Non-SR"
"phr","out","Non-TR","Non-SR"
"cpdA","out","Non-TR","Non-SR"
"asnB","out","Non-TR","Non-SR"
"nirC","out","Non-TR","Non-SR"
"thrU","out","Non-TR","Non-SR"
"gabP","out","Non-TR","Non-SR"
"ugd","out","Non-TR","Non-SR"
"hokE","out","Non-TR","Non-SR"
"casC","out","Non-TR","Non-SR"
"dgcN","out","Non-TR","Non-SR"
"glyQ","out","Non-TR","Non-SR"
"hybC","out","Non-TR","Non-SR"
"FeaR","out","TR","Non-SR"
"yfjI","out","Non-TR","Non-SR"
"hypD","out","Non-TR","Non-SR"
"ppiB","out","Non-TR","Non-SR"
"garK","out","Non-TR","Non-SR"
"ykgR","out","Non-TR","Non-SR"
"mhpF","out","Non-TR","Non-SR"
"bamB","out","Non-TR","Non-SR"
"yhdY","out","Non-TR","Non-SR"
"rrsE","out","Non-TR","Non-SR"
"cyuP","out","Non-TR","Non-SR"
"sdhC","out","Non-TR","Non-SR"
"phnC","out","Non-TR","Non-SR"
"scpB","out","Non-TR","Non-SR"
"ppdC","out","Non-TR","Non-SR"
"glnS","out","Non-TR","Non-SR"
"mgrR","out","Non-TR","Non-SR"
"ytfP","out","Non-TR","Non-SR"
"ddpF","out","Non-TR","Non-SR"
"ibsC","out","Non-TR","Non-SR"
"dapB","out","Non-TR","Non-SR"
"hisQ","out","Non-TR","Non-SR"
"glgX","out","Non-TR","Non-SR"
"lepA","out","Non-TR","Non-SR"
"sdsR","out","Non-TR","Non-SR"
"LldR","out","TR","SR"
"exbB","out","Non-TR","Non-SR"
"ydfX","out","Non-TR","Non-SR"
"fliT","out","Non-TR","Non-SR"
"cysQ","out","Non-TR","Non-SR"
"mglC","out","Non-TR","Non-SR"
"livF","out","Non-TR","Non-SR"
"ybjN","out","Non-TR","Non-SR"
"ykfF","out","Non-TR","Non-SR"
"nusB","out","Non-TR","Non-SR"
"citD","out","Non-TR","Non-SR"
"dgcM","out","Non-TR","Non-SR"
"ubiX","out","Non-TR","Non-SR"
"feoB","out","Non-TR","Non-SR"
"srlB","out","Non-TR","Non-SR"
"rflP","out","Non-TR","Non-SR"
"yhjJ","out","Non-TR","Non-SR"
"HigA","out","TR","Non-SR"
"ydfD","out","Non-TR","Non-SR"
"nuoF","out","Non-TR","Non-SR"
"RhaR","out","TR","SR"
"idnD","out","Non-TR","Non-SR"
"ymdA","out","Non-TR","Non-SR"
"fabB","out","Non-TR","Non-SR"
"folE","out","Non-TR","Non-SR"
"hycG","out","Non-TR","Non-SR"
"nanS","out","Non-TR","Non-SR"
"serX","out","Non-TR","Non-SR"
"ygfI","out","Non-TR","Non-SR"
"rpsH","out","Non-TR","Non-SR"
"pntA","out","Non-TR","Non-SR"
"uspG","out","Non-TR","Non-SR"
"rhaD","out","Non-TR","Non-SR"
"copA","out","Non-TR","Non-SR"
"yghR","out","Non-TR","Non-SR"
"purC","out","Non-TR","Non-SR"
"ampG","out","Non-TR","Non-SR"
"serA","out","Non-TR","Non-SR"
"pheL","out","Non-TR","Non-SR"
"yeaR","out","Non-TR","Non-SR"
"lptD","out","Non-TR","Non-SR"
"ndh","out","Non-TR","Non-SR"
"ymjA","out","Non-TR","Non-SR"
"tff","out","Non-TR","Non-SR"
"yibA","out","Non-TR","Non-SR"
"fpr","out","Non-TR","Non-SR"
"emrA","out","Non-TR","Non-SR"
"ydhI","out","Non-TR","Non-SR"
"rplS","out","Non-TR","Non-SR"
"rclB","out","Non-TR","Non-SR"
"napH","out","Non-TR","Non-SR"
"cmoM","out","Non-TR","Non-SR"
"lnt","out","Non-TR","Non-SR"
"XylR","out","TR","SR"
"glnK","out","Non-TR","Non-SR"
"pstC","out","Non-TR","Non-SR"
"ilvX","out","Non-TR","Non-SR"
"thyA","out","Non-TR","Non-SR"
"evgS","out","Non-TR","Non-SR"
"feoC","out","Non-TR","Non-SR"
"rof","out","Non-TR","Non-SR"
"bioC","out","Non-TR","Non-SR"
"ispB","out","Non-TR","Non-SR"
"yfhL","out","Non-TR","Non-SR"
"tauC","out","Non-TR","Non-SR"
"cheY","out","Non-TR","Non-SR"
"yoaG","out","Non-TR","Non-SR"
"bglG","out","Non-TR","Non-SR"
"ybeX","out","Non-TR","Non-SR"
"ptrA","out","Non-TR","Non-SR"
"lpxB","out","Non-TR","Non-SR"
"gspC","out","Non-TR","Non-SR"
"ynbB","out","Non-TR","Non-SR"
"glpC","out","Non-TR","Non-SR"
"mdtI","out","Non-TR","Non-SR"
"murE","out","Non-TR","Non-SR"
"yciX","out","Non-TR","Non-SR"
"ybeY","out","Non-TR","Non-SR"
"dsbA","out","Non-TR","Non-SR"
"wza","out","Non-TR","Non-SR"
"glgB","out","Non-TR","Non-SR"
"rssB","out","Non-TR","Non-SR"
"ybcK","out","Non-TR","Non-SR"
"hdeD","out","Non-TR","Non-SR"
"adeD","out","Non-TR","Non-SR"
"FecI","out","TR","Non-SR"
"valS","out","Non-TR","Non-SR"
"gudX","out","Non-TR","Non-SR"
"ugpC","out","Non-TR","Non-SR"
"ssrS","out","Non-TR","Non-SR"
"ybiT","out","Non-TR","Non-SR"
"secB","out","Non-TR","Non-SR"
"tdcG","out","Non-TR","Non-SR"
"ydgH","out","Non-TR","Non-SR"
"aroK","out","Non-TR","Non-SR"
"yjiN","out","Non-TR","Non-SR"
"ydhT","out","Non-TR","Non-SR"
"metV","out","Non-TR","Non-SR"
"rffC","out","Non-TR","Non-SR"
"fxsA","out","Non-TR","Non-SR"
"malF","out","Non-TR","Non-SR"
"sokC","out","Non-TR","Non-SR"
"abgR","out","Non-TR","Non-SR"
"mnmG","out","Non-TR","Non-SR"
"manX","out","Non-TR","Non-SR"
"ybbW","out","Non-TR","Non-SR"
"ssb","out","Non-TR","Non-SR"
"YgbI","outtendrils","TR","Non-SR"
"AtoC","outtendrils","TR","SR"
"KdpE","outtendrils","TR","SR"
"YhaJ","outtendrils","TR","Non-SR"
"BirA","outtendrils","TR","SR"
"HypT","outtendrils","TR","Non-SR"
"EnvY","outtendrils","TR","Non-SR"
"ModE","outtendrils","TR","SR"
"PgrR","outtendrils","TR","Non-SR"
"DeoR","outtendrils","TR","SR"
"CueR","outtendrils","TR","SR"
"EnvR","outtendrils","TR","Non-SR"
"GlpR","outtendrils","TR","SR"
"NadR","outtendrils","TR","SR"
"Zur","outtendrils","TR","SR"
"NanR","outtendrils","TR","SR"
"RclR","outtendrils","TR","Non-SR"
"DicA","outtendrils","TR","Non-SR"
"FabR","outtendrils","TR","Non-SR"
"YfeC","outtendrils","TR","Non-SR"
"RacR","outtendrils","TR","Non-SR"
"PyrR","outtendrils","TR","SR"
"MntR","outtendrils","TR","SR"
"EbgR","outtendrils","TR","Non-SR"
"UlaR","outtendrils","TR","SR"
"GatR","outtendrils","TR","SR"
"YidZ","outtendrils","TR","Non-SR"
"NorR","tubes","TR","Non-SR"
"YqhC","tubes","TR","Non-SR"
"TtdR","tubes","TR","SR"
